Data,Partita,Casa,Ospite,Risultato_Reale,Predizione,Corretto,Prob_Casa,Prob_X,Prob_Ospite,Prob_Predizione,Confidenza,N_Partite_Dataset
2025-08-23,Sassuolo vs Napoli,Sassuolo,Napoli,A,D,False,0.333,0.37,0.297,0.37,0.37,2453
2025-08-23,Genoa vs Lecce,Genoa,Lecce,D,H,False,0.438,0.348,0.214,0.438,0.438,2453
2025-08-23,Roma vs Bologna,Roma,Bologna,H,H,True,0.563,0.295,0.141,0.563,0.563,2453
2025-08-23,Milan vs Cremonese,Milan,Cremonese,A,H,False,0.485,0.367,0.148,0.485,0.485,2453
2025-08-24,Cagliari vs Fiorentina,Cagliari,Fiorentina,D,H,False,0.455,0.306,0.239,0.455,0.455,2457
2025-08-24,Como vs Lazio,Como,Lazio,H,H,True,0.369,0.31,0.321,0.369,0.369,2457
2025-08-24,Juventus vs Parma,Juventus,Parma,H,H,True,0.571,0.288,0.141,0.571,0.571,2457
2025-08-25,Udinese vs Verona,Udinese,Verona,D,H,False,0.419,0.368,0.213,0.419,0.419,2460
2025-08-25,Inter vs Torino,Inter,Torino,H,H,True,0.569,0.293,0.138,0.569,0.569,2460
2025-08-29,Cremonese vs Sassuolo,Cremonese,Sassuolo,H,H,True,0.48,0.33,0.19,0.48,0.48,2462
2025-08-29,Lecce vs Milan,Lecce,Milan,A,A,True,0.293,0.31,0.397,0.397,0.397,2462
2025-08-30,Napoli vs Cagliari,Napoli,Cagliari,H,H,True,0.56,0.3,0.14,0.56,0.56,2464
2025-08-30,Bologna vs Como,Bologna,Como,H,H,True,0.445,0.336,0.218,0.445,0.445,2464
2025-08-30,Parma vs Atalanta,Parma,Atalanta,D,A,False,0.284,0.333,0.384,0.384,0.384,2464
2025-08-31,Genoa vs Juventus,Genoa,Juventus,A,H,False,0.394,0.358,0.248,0.394,0.394,2467
2025-08-31,Torino vs Fiorentina,Torino,Fiorentina,D,H,False,0.44,0.361,0.199,0.44,0.44,2467
2025-08-31,Inter vs Udinese,Inter,Udinese,A,H,False,0.604,0.256,0.14,0.604,0.604,2467
2025-08-31,Lazio vs Verona,Lazio,Verona,H,H,True,0.424,0.406,0.17,0.424,0.424,2467
2025-09-13,Cagliari vs Parma,Cagliari,Parma,H,H,True,0.452,0.371,0.178,0.452,0.452,2471
2025-09-13,Juventus vs Inter,Juventus,Inter,H,H,True,0.556,0.282,0.161,0.556,0.556,2471
2025-09-13,Fiorentina vs Napoli,Fiorentina,Napoli,A,H,False,0.439,0.345,0.215,0.439,0.439,2471
2025-09-14,Milan vs Bologna,Milan,Bologna,H,H,True,0.529,0.324,0.147,0.529,0.529,2474
2025-09-14,Sassuolo vs Lazio,Sassuolo,Lazio,H,A,False,0.322,0.327,0.351,0.351,0.351,2474
2025-09-14,Roma vs Torino,Roma,Torino,A,H,False,0.572,0.289,0.139,0.572,0.572,2474
2025-09-14,Atalanta vs Lecce,Atalanta,Lecce,H,H,True,0.446,0.372,0.182,0.446,0.446,2474
2025-09-15,Verona vs Cremonese,Verona,Cremonese,D,D,True,0.344,0.415,0.241,0.415,0.415,2478
2025-09-15,Como vs Genoa,Como,Genoa,D,H,False,0.483,0.368,0.15,0.483,0.483,2478
2025-09-19,Lecce vs Cagliari,Lecce,Cagliari,A,H,False,0.425,0.385,0.191,0.425,0.425,2480
2025-09-20,Bologna vs Genoa,Bologna,Genoa,H,H,True,0.513,0.345,0.142,0.513,0.513,2481
2025-09-20,Verona vs Juventus,Verona,Juventus,D,D,True,0.317,0.373,0.31,0.373,0.373,2481
2025-09-20,Udinese vs Milan,Udinese,Milan,A,A,True,0.325,0.296,0.378,0.378,0.378,2481
2025-09-21,Lazio vs Roma,Lazio,Roma,A,H,False,0.375,0.359,0.266,0.375,0.375,2484
2025-09-21,Cremonese vs Parma,Cremonese,Parma,D,H,False,0.478,0.347,0.175,0.478,0.478,2484
2025-09-21,Fiorentina vs Como,Fiorentina,Como,A,H,False,0.458,0.321,0.221,0.458,0.458,2484
2025-09-21,Inter vs Sassuolo,Inter,Sassuolo,H,H,True,0.615,0.246,0.14,0.615,0.615,2484
2025-09-21,Torino vs Atalanta,Torino,Atalanta,A,D,False,0.329,0.337,0.334,0.337,0.337,2484
2025-09-27,Como vs Cremonese,Como,Cremonese,D,H,False,0.444,0.38,0.176,0.444,0.444,2489
2025-09-27,Juventus vs Atalanta,Juventus,Atalanta,D,H,False,0.508,0.264,0.228,0.508,0.508,2489
2025-09-27,Cagliari vs Inter,Cagliari,Inter,A,H,False,0.377,0.328,0.294,0.377,0.377,2489
2025-09-28,Lecce vs Bologna,Lecce,Bologna,D,H,False,0.387,0.371,0.242,0.387,0.387,2492
2025-09-28,Sassuolo vs Udinese,Sassuolo,Udinese,H,H,True,0.428,0.351,0.221,0.428,0.428,2492
2025-09-28,Roma vs Verona,Roma,Verona,H,H,True,0.566,0.289,0.144,0.566,0.566,2492
2025-09-28,Milan vs Napoli,Milan,Napoli,H,H,True,0.435,0.339,0.226,0.435,0.435,2492
2025-09-29,Genoa vs Lazio,Genoa,Lazio,A,H,False,0.369,0.318,0.313,0.369,0.369,2496
2025-09-29,Parma vs Torino,Parma,Torino,H,D,False,0.386,0.405,0.209,0.405,0.405,2496
2025-10-03,Verona vs Sassuolo,Verona,Sassuolo,A,H,False,0.415,0.406,0.179,0.415,0.415,2498
2025-10-04,Lazio vs Torino,Lazio,Torino,D,H,False,0.471,0.378,0.15,0.471,0.471,2499
2025-10-04,Parma vs Lecce,Parma,Lecce,A,H,False,0.409,0.389,0.202,0.409,0.409,2499
2025-10-04,Inter vs Cremonese,Inter,Cremonese,H,H,True,0.549,0.306,0.146,0.549,0.549,2499
2025-10-04,Atalanta vs Como,Atalanta,Como,D,H,False,0.387,0.33,0.284,0.387,0.387,2499
2025-10-05,Fiorentina vs Roma,Fiorentina,Roma,A,H,False,0.424,0.297,0.28,0.424,0.424,2503
2025-10-05,Udinese vs Cagliari,Udinese,Cagliari,D,H,False,0.443,0.374,0.182,0.443,0.443,2503
2025-10-05,Juventus vs Milan,Juventus,Milan,D,H,False,0.529,0.255,0.216,0.529,0.529,2503
2025-10-05,Napoli vs Genoa,Napoli,Genoa,H,H,True,0.538,0.322,0.139,0.538,0.538,2503
2025-10-18,Torino vs Napoli,Torino,Napoli,H,D,False,0.346,0.368,0.286,0.368,0.368,2507
2025-10-18,Lecce vs Sassuolo,Lecce,Sassuolo,D,H,False,0.403,0.367,0.23,0.403,0.403,2507
2025-10-18,Roma vs Inter,Roma,Inter,A,H,False,0.528,0.28,0.192,0.528,0.528,2507
2025-10-19,Milan vs Fiorentina,Milan,Fiorentina,H,H,True,0.551,0.302,0.147,0.551,0.551,2510
2025-10-19,Como vs Juventus,Como,Juventus,H,D,False,0.36,0.38,0.26,0.38,0.38,2510
2025-10-19,Cagliari vs Bologna,Cagliari,Bologna,A,H,False,0.465,0.342,0.193,0.465,0.465,2510
2025-10-19,Genoa vs Parma,Genoa,Parma,D,H,False,0.408,0.403,0.189,0.408,0.408,2510
2025-10-19,Atalanta vs Lazio,Atalanta,Lazio,D,H,False,0.419,0.314,0.266,0.419,0.419,2510
2025-10-20,Cremonese vs Udinese,Cremonese,Udinese,D,H,False,0.449,0.338,0.213,0.449,0.449,2515
2025-10-25,Parma vs Como,Parma,Como,D,D,True,0.324,0.362,0.314,0.362,0.362,2516
2025-10-25,Udinese vs Lecce,Udinese,Lecce,H,D,False,0.369,0.406,0.225,0.406,0.406,2516
2025-10-25,Napoli vs Inter,Napoli,Inter,H,H,True,0.469,0.307,0.224,0.469,0.469,2516
2025-10-25,Cremonese vs Atalanta,Cremonese,Atalanta,D,A,False,0.286,0.335,0.378,0.378,0.378,2516
2025-10-26,Verona vs Cagliari,Verona,Cagliari,D,D,True,0.402,0.413,0.185,0.413,0.413,2520
2025-10-26,Fiorentina vs Bologna,Fiorentina,Bologna,D,H,False,0.504,0.321,0.174,0.504,0.504,2520
2025-10-26,Torino vs Genoa,Torino,Genoa,H,H,True,0.466,0.388,0.147,0.466,0.466,2520
2025-10-26,Sassuolo vs Roma,Sassuolo,Roma,A,H,False,0.349,0.315,0.336,0.349,0.349,2520
2025-10-26,Lazio vs Juventus,Lazio,Juventus,H,D,False,0.376,0.397,0.227,0.397,0.397,2520
2025-10-28,Lecce vs Napoli,Lecce,Napoli,A,D,False,0.293,0.354,0.352,0.354,0.354,2525
2025-10-28,Atalanta vs Milan,Atalanta,Milan,D,H,False,0.381,0.307,0.313,0.381,0.381,2525
2025-10-29,Inter vs Fiorentina,Inter,Fiorentina,H,H,True,0.594,0.264,0.142,0.594,0.594,2527
2025-10-29,Genoa vs Cremonese,Genoa,Cremonese,A,D,False,0.342,0.423,0.235,0.423,0.423,2527
2025-10-29,Bologna vs Torino,Bologna,Torino,D,H,False,0.526,0.328,0.145,0.526,0.526,2527
2025-10-29,Juventus vs Udinese,Juventus,Udinese,H,H,True,0.575,0.282,0.143,0.575,0.575,2527
2025-10-29,Como vs Verona,Como,Verona,H,H,True,0.462,0.373,0.165,0.462,0.462,2527
2025-10-29,Roma vs Parma,Roma,Parma,H,H,True,0.543,0.314,0.143,0.543,0.543,2527
2025-10-30,Cagliari vs Sassuolo,Cagliari,Sassuolo,A,H,False,0.455,0.354,0.191,0.455,0.455,2533
2025-11-01,Cremonese vs Juventus,Cremonese,Juventus,A,D,False,0.36,0.391,0.249,0.391,0.391,2534
2025-11-01,Udinese vs Atalanta,Udinese,Atalanta,H,A,False,0.292,0.347,0.361,0.361,0.361,2534
2025-11-01,Napoli vs Como,Napoli,Como,D,H,False,0.504,0.323,0.173,0.504,0.504,2534
2025-11-02,Parma vs Bologna,Parma,Bologna,A,H,False,0.404,0.397,0.2,0.404,0.404,2537
2025-11-02,Milan vs Roma,Milan,Roma,H,H,True,0.457,0.287,0.256,0.457,0.457,2537
2025-11-02,Verona vs Inter,Verona,Inter,A,D,False,0.265,0.369,0.365,0.369,0.369,2537
2025-11-02,Fiorentina vs Lecce,Fiorentina,Lecce,A,H,False,0.483,0.348,0.169,0.483,0.483,2537
2025-11-03,Lazio vs Cagliari,Lazio,Cagliari,H,H,True,0.466,0.387,0.147,0.466,0.466,2541
2025-11-03,Sassuolo vs Genoa,Sassuolo,Genoa,A,H,False,0.47,0.382,0.148,0.47,0.47,2541
2025-11-07,Pisa vs Cremonese,Pisa,Cremonese,H,H,True,0.401,0.37,0.229,0.401,0.401,2543
2025-11-08,Como vs Cagliari,Como,Cagliari,D,H,False,0.493,0.358,0.149,0.493,0.493,2544
2025-11-08,Lecce vs Verona,Lecce,Verona,D,H,False,0.394,0.389,0.217,0.394,0.394,2544
2025-11-08,Juventus vs Torino,Juventus,Torino,D,H,False,0.567,0.294,0.139,0.567,0.567,2544
2025-11-08,Parma vs Milan,Parma,Milan,D,A,False,0.281,0.344,0.375,0.375,0.375,2544
2025-11-09,Roma vs Udinese,Roma,Udinese,H,H,True,0.591,0.266,0.143,0.591,0.591,2548
2025-11-09,Genoa vs Fiorentina,Genoa,Fiorentina,D,H,False,0.394,0.375,0.231,0.394,0.394,2548
2025-11-09,Inter vs Lazio,Inter,Lazio,H,H,True,0.563,0.259,0.177,0.563,0.563,2548
2025-11-09,Atalanta vs Sassuolo,Atalanta,Sassuolo,A,H,False,0.481,0.352,0.167,0.481,0.481,2548
2025-11-09,Bologna vs Napoli,Bologna,Napoli,H,H,True,0.411,0.338,0.251,0.411,0.411,2548
2025-11-22,Cagliari vs Genoa,Cagliari,Genoa,D,H,False,0.451,0.37,0.179,0.451,0.451,2553
2025-11-22,Udinese vs Bologna,Udinese,Bologna,A,H,False,0.401,0.394,0.205,0.401,0.401,2553
2025-11-22,Fiorentina vs Juventus,Fiorentina,Juventus,D,H,False,0.419,0.349,0.232,0.419,0.419,2553
2025-11-22,Napoli vs Atalanta,Napoli,Atalanta,H,H,True,0.494,0.306,0.199,0.494,0.494,2553
2025-11-23,Verona vs Parma,Verona,Parma,A,D,False,0.34,0.461,0.199,0.461,0.461,2557
2025-11-23,Cremonese vs Roma,Cremonese,Roma,A,D,False,0.32,0.351,0.33,0.351,0.351,2557
2025-11-23,Lazio vs Lecce,Lazio,Lecce,H,H,True,0.451,0.371,0.178,0.451,0.451,2557
2025-11-23,Inter vs Milan,Inter,Milan,A,H,False,0.527,0.282,0.191,0.527,0.527,2557
2025-11-24,Torino vs Como,Torino,Como,A,D,False,0.356,0.392,0.251,0.392,0.392,2561
2025-11-24,Sassuolo vs Pisa,Sassuolo,Pisa,D,D,True,0.353,0.371,0.276,0.371,0.371,2561
2025-11-28,Como vs Sassuolo,Como,Sassuolo,H,H,True,0.457,0.351,0.191,0.457,0.457,2563
2025-11-29,Genoa vs Verona,Genoa,Verona,H,D,False,0.383,0.41,0.208,0.41,0.41,2564
2025-11-29,Parma vs Udinese,Parma,Udinese,A,H,False,0.405,0.379,0.216,0.405,0.405,2564
2025-11-29,Juventus vs Cagliari,Juventus,Cagliari,H,H,True,0.563,0.297,0.139,0.563,0.563,2564
2025-11-29,Milan vs Lazio,Milan,Lazio,H,H,True,0.532,0.278,0.19,0.532,0.532,2564
2025-11-30,Lecce vs Torino,Lecce,Torino,H,D,False,0.382,0.426,0.193,0.426,0.426,2568
2025-11-30,Pisa vs Inter,Pisa,Inter,A,H,False,0.496,0.268,0.236,0.496,0.496,2568
2025-11-30,Atalanta vs Fiorentina,Atalanta,Fiorentina,H,H,True,0.48,0.363,0.157,0.48,0.48,2568
2025-11-30,Roma vs Napoli,Roma,Napoli,A,H,False,0.505,0.279,0.217,0.505,0.505,2568
2025-12-01,Bologna vs Cremonese,Bologna,Cremonese,A,H,False,0.466,0.368,0.166,0.466,0.466,2572
2025-12-06,Sassuolo vs Fiorentina,Sassuolo,Fiorentina,H,H,True,0.43,0.363,0.207,0.43,0.43,2573
2025-12-06,Verona vs Atalanta,Verona,Atalanta,H,D,False,0.281,0.377,0.342,0.377,0.377,2573
2025-12-06,Inter vs Como,Inter,Como,H,H,True,0.483,0.322,0.195,0.483,0.483,2573
2025-12-07,Cremonese vs Lecce,Cremonese,Lecce,H,D,False,0.374,0.389,0.238,0.389,0.389,2576
2025-12-07,Cagliari vs Roma,Cagliari,Roma,H,A,False,0.346,0.307,0.347,0.347,0.347,2576
2025-12-07,Lazio vs Bologna,Lazio,Bologna,D,H,False,0.497,0.352,0.15,0.497,0.497,2576
2025-12-07,Napoli vs Juventus,Napoli,Juventus,H,H,True,0.535,0.315,0.149,0.535,0.535,2576
2025-12-08,Pisa vs Parma,Pisa,Parma,A,H,False,0.477,0.326,0.197,0.477,0.477,2580
2025-12-08,Udinese vs Genoa,Udinese,Genoa,A,D,False,0.401,0.419,0.18,0.419,0.419,2580
2025-12-08,Torino vs Milan,Torino,Milan,A,D,False,0.329,0.337,0.335,0.337,0.337,2580
2025-12-12,Lecce vs Pisa,Lecce,Pisa,H,D,False,0.342,0.509,0.149,0.509,0.509,2583
2025-12-13,Parma vs Lazio,Parma,Lazio,A,D,False,0.339,0.341,0.32,0.341,0.341,2584
2025-12-13,Atalanta vs Cagliari,Atalanta,Cagliari,H,H,True,0.509,0.346,0.146,0.509,0.509,2584
2025-12-13,Torino vs Cremonese,Torino,Cremonese,H,D,False,0.376,0.376,0.248,0.376,0.376,2584
2025-12-14,Milan vs Sassuolo,Milan,Sassuolo,D,H,False,0.566,0.285,0.148,0.566,0.566,2587
2025-12-14,Fiorentina vs Verona,Fiorentina,Verona,A,H,False,0.477,0.375,0.148,0.477,0.477,2587
2025-12-14,Udinese vs Napoli,Udinese,Napoli,H,A,False,0.301,0.322,0.377,0.377,0.377,2587
2025-12-14,Genoa vs Inter,Genoa,Inter,A,A,True,0.269,0.32,0.411,0.411,0.411,2587
2025-12-14,Bologna vs Juventus,Bologna,Juventus,A,H,False,0.436,0.358,0.207,0.436,0.436,2587
2025-12-15,Roma vs Como,Roma,Como,H,H,True,0.503,0.315,0.182,0.503,0.503,2592
2025-12-20,Lazio vs Cremonese,Lazio,Cremonese,D,H,False,0.45,0.355,0.196,0.45,0.45,2593
2025-12-20,Juventus vs Roma,Juventus,Roma,H,H,True,0.529,0.299,0.172,0.529,0.529,2593
2025-12-21,Fiorentina vs Udinese,Fiorentina,Udinese,H,H,True,0.444,0.346,0.21,0.444,0.444,2595
2025-12-21,Genoa vs Atalanta,Genoa,Atalanta,A,D,False,0.295,0.355,0.351,0.355,0.355,2595
2025-12-21,Sassuolo vs Torino,Sassuolo,Torino,A,H,False,0.481,0.36,0.159,0.481,0.481,2595
2025-12-21,Cagliari vs Pisa,Cagliari,Pisa,D,D,True,0.418,0.419,0.162,0.419,0.419,2595
2025-12-27,Pisa vs Juventus,Pisa,Juventus,A,H,False,0.347,0.31,0.342,0.347,0.347,2599
2025-12-27,Parma vs Fiorentina,Parma,Fiorentina,H,D,False,0.389,0.396,0.216,0.396,0.396,2599
2025-12-27,Lecce vs Como,Lecce,Como,A,D,False,0.355,0.395,0.25,0.395,0.395,2599
2025-12-27,Torino vs Cagliari,Torino,Cagliari,A,H,False,0.479,0.373,0.148,0.479,0.479,2599
2025-12-27,Udinese vs Lazio,Udinese,Lazio,D,H,False,0.374,0.324,0.302,0.374,0.374,2599
2025-12-28,Atalanta vs Inter,Atalanta,Inter,A,H,False,0.379,0.295,0.326,0.379,0.379,2604
2025-12-28,Milan vs Verona,Milan,Verona,H,H,True,0.572,0.285,0.143,0.572,0.572,2604
2025-12-28,Cremonese vs Napoli,Cremonese,Napoli,A,A,True,0.324,0.326,0.35,0.35,0.35,2604
2025-12-28,Bologna vs Sassuolo,Bologna,Sassuolo,D,H,False,0.458,0.355,0.187,0.458,0.458,2604
2025-12-29,Roma vs Genoa,Roma,Genoa,H,H,True,0.578,0.278,0.144,0.578,0.578,2608
2026-01-02,Cagliari vs Milan,Cagliari,Milan,A,A,True,0.313,0.326,0.36,0.36,0.36,2609
2026-01-03,Sassuolo vs Parma,Sassuolo,Parma,D,H,False,0.429,0.353,0.217,0.429,0.429,2610
2026-01-03,Como vs Udinese,Como,Udinese,H,H,True,0.483,0.332,0.185,0.483,0.483,2610
2026-01-03,Atalanta vs Roma,Atalanta,Roma,H,H,True,0.451,0.293,0.256,0.451,0.451,2610
2026-01-03,Genoa vs Pisa,Genoa,Pisa,D,D,True,0.332,0.492,0.176,0.492,0.492,2610
2026-01-03,Juventus vs Lecce,Juventus,Lecce,D,H,False,0.547,0.308,0.145,0.547,0.547,2610
2026-01-04,Inter vs Bologna,Inter,Bologna,H,H,True,0.588,0.269,0.143,0.588,0.588,2615
2026-01-04,Verona vs Torino,Verona,Torino,A,D,False,0.385,0.41,0.205,0.41,0.41,2615
2026-01-04,Fiorentina vs Cremonese,Fiorentina,Cremonese,H,H,True,0.394,0.37,0.236,0.394,0.394,2615
2026-01-04,Lazio vs Napoli,Lazio,Napoli,A,H,False,0.419,0.316,0.265,0.419,0.419,2615
2026-01-06,Sassuolo vs Juventus,Sassuolo,Juventus,A,H,False,0.348,0.33,0.322,0.348,0.348,2619
2026-01-06,Pisa vs Como,Pisa,Como,A,H,False,0.367,0.344,0.288,0.367,0.367,2619
2026-01-06,Lecce vs Roma,Lecce,Roma,A,H,False,0.364,0.324,0.312,0.364,0.364,2619
2026-01-07,Parma vs Inter,Parma,Inter,A,A,True,0.257,0.303,0.44,0.44,0.44,2622
2026-01-07,Torino vs Udinese,Torino,Udinese,A,H,False,0.463,0.322,0.214,0.463,0.463,2622
2026-01-07,Lazio vs Fiorentina,Lazio,Fiorentina,D,H,False,0.522,0.332,0.146,0.522,0.522,2622
2026-01-07,Bologna vs Atalanta,Bologna,Atalanta,A,H,False,0.393,0.341,0.266,0.393,0.393,2622
2026-01-07,Napoli vs Verona,Napoli,Verona,D,H,False,0.583,0.276,0.141,0.583,0.583,2622
2026-01-08,Milan vs Genoa,Milan,Genoa,D,H,False,0.563,0.294,0.143,0.563,0.563,2627
2026-01-08,Cremonese vs Cagliari,Cremonese,Cagliari,D,H,False,0.415,0.391,0.194,0.415,0.415,2627
2026-01-10,Roma vs Sassuolo,Roma,Sassuolo,H,H,True,0.572,0.281,0.147,0.572,0.572,2629
2026-01-10,Atalanta vs Torino,Atalanta,Torino,H,H,True,0.505,0.341,0.155,0.505,0.505,2629
2026-01-10,Como vs Bologna,Como,Bologna,D,H,False,0.46,0.358,0.182,0.46,0.46,2629
2026-01-10,Udinese vs Pisa,Udinese,Pisa,D,D,True,0.365,0.485,0.15,0.485,0.485,2629
2026-01-11,Lecce vs Parma,Lecce,Parma,A,H,False,0.383,0.383,0.234,0.383,0.383,2633
2026-01-11,Fiorentina vs Milan,Fiorentina,Milan,D,H,False,0.348,0.32,0.332,0.348,0.348,2633
2026-01-11,Verona vs Lazio,Verona,Lazio,A,D,False,0.34,0.366,0.294,0.366,0.366,2633
2026-01-11,Inter vs Napoli,Inter,Napoli,D,H,False,0.534,0.244,0.222,0.534,0.534,2633
2026-01-12,Genoa vs Cagliari,Genoa,Cagliari,H,D,False,0.378,0.433,0.189,0.433,0.433,2637
2026-01-12,Juventus vs Cremonese,Juventus,Cremonese,H,H,True,0.501,0.349,0.15,0.501,0.501,2637
2026-01-14,Inter vs Lecce,Inter,Lecce,H,H,True,0.581,0.274,0.145,0.581,0.581,2639
2026-01-14,Napoli vs Parma,Napoli,Parma,D,H,False,0.525,0.326,0.149,0.525,0.525,2639
2026-01-15,Verona vs Bologna,Verona,Bologna,A,D,False,0.366,0.4,0.234,0.4,0.4,2641
2026-01-15,Como vs Milan,Como,Milan,A,D,False,0.334,0.368,0.298,0.368,0.368,2641
2026-01-16,Pisa vs Atalanta,Pisa,Atalanta,D,A,False,0.29,0.304,0.405,0.405,0.405,2643
2026-01-17,Udinese vs Inter,Udinese,Inter,A,A,True,0.281,0.312,0.407,0.407,0.407,2644
2026-01-17,Napoli vs Sassuolo,Napoli,Sassuolo,H,H,True,0.526,0.327,0.148,0.526,0.526,2644
2026-01-17,Cagliari vs Juventus,Cagliari,Juventus,H,H,True,0.343,0.331,0.326,0.343,0.343,2644
2026-01-18,Milan vs Lecce,Milan,Lecce,H,H,True,0.545,0.306,0.148,0.545,0.545,2647
2026-01-18,Bologna vs Fiorentina,Bologna,Fiorentina,A,H,False,0.471,0.377,0.151,0.471,0.471,2647
2026-01-18,Parma vs Genoa,Parma,Genoa,D,H,False,0.396,0.39,0.214,0.396,0.396,2647
2026-01-18,Torino vs Roma,Torino,Roma,A,H,False,0.388,0.292,0.319,0.388,0.388,2647
2026-01-19,Lazio vs Como,Lazio,Como,A,H,False,0.41,0.368,0.223,0.41,0.41,2651
2026-01-19,Cremonese vs Verona,Cremonese,Verona,D,D,True,0.398,0.405,0.198,0.405,0.405,2651
2026-01-23,Inter vs Pisa,Inter,Pisa,H,H,True,0.517,0.343,0.139,0.517,0.517,2653
2026-01-24,Como vs Torino,Como,Torino,H,H,True,0.43,0.381,0.189,0.43,0.43,2654
2026-01-24,Fiorentina vs Cagliari,Fiorentina,Cagliari,A,H,False,0.451,0.394,0.154,0.451,0.451,2654
2026-01-24,Lecce vs Lazio,Lecce,Lazio,D,H,False,0.351,0.349,0.3,0.351,0.351,2654
2026-01-25,Sassuolo vs Cremonese,Sassuolo,Cremonese,H,H,True,0.389,0.382,0.229,0.389,0.389,2657
2026-01-25,Atalanta vs Parma,Atalanta,Parma,H,H,True,0.492,0.349,0.159,0.492,0.492,2657
2026-01-25,Genoa vs Bologna,Genoa,Bologna,H,D,False,0.355,0.393,0.252,0.393,0.393,2657
2026-01-25,Juventus vs Napoli,Juventus,Napoli,H,H,True,0.483,0.308,0.209,0.483,0.483,2657
2026-01-25,Roma vs Milan,Roma,Milan,D,H,False,0.48,0.288,0.232,0.48,0.48,2657
2026-01-26,Verona vs Udinese,Verona,Udinese,A,H,False,0.395,0.352,0.254,0.395,0.395,2662
2026-01-30,Lazio vs Genoa,Lazio,Genoa,H,H,True,0.479,0.374,0.146,0.479,0.479,2663
2026-01-31,Cagliari vs Verona,Cagliari,Verona,H,H,True,0.456,0.391,0.153,0.456,0.456,2664
2026-01-31,Pisa vs Sassuolo,Pisa,Sassuolo,A,D,False,0.341,0.363,0.295,0.363,0.363,2664
2026-01-31,Napoli vs Fiorentina,Napoli,Fiorentina,H,H,True,0.554,0.305,0.141,0.554,0.554,2664
2026-02-01,Parma vs Juventus,Parma,Juventus,A,D,False,0.329,0.343,0.327,0.343,0.343,2667
2026-02-01,Torino vs Lecce,Torino,Lecce,H,H,True,0.442,0.343,0.215,0.442,0.442,2667
2026-02-01,Cremonese vs Inter,Cremonese,Inter,A,A,True,0.219,0.332,0.449,0.449,0.449,2667
2026-02-01,Como vs Atalanta,Como,Atalanta,D,D,True,0.368,0.372,0.26,0.372,0.372,2667
2026-02-02,Udinese vs Roma,Udinese,Roma,H,H,True,0.354,0.324,0.321,0.354,0.354,2671
2026-02-03,Bologna vs Milan,Bologna,Milan,A,H,False,0.353,0.347,0.3,0.353,0.353,2672
2026-02-06,Verona vs Pisa,Verona,Pisa,D,D,True,0.358,0.466,0.175,0.466,0.466,2673
2026-02-07,Fiorentina vs Torino,Fiorentina,Torino,D,H,False,0.43,0.374,0.196,0.43,0.43,2674
2026-02-07,Genoa vs Napoli,Genoa,Napoli,A,H,False,0.339,0.326,0.335,0.339,0.339,2674
2026-02-08,Bologna vs Parma,Bologna,Parma,A,H,False,0.423,0.373,0.204,0.423,0.423,2676
2026-02-08,Lecce vs Udinese,Lecce,Udinese,H,H,True,0.377,0.36,0.263,0.377,0.377,2676
2026-02-08,Sassuolo vs Inter,Sassuolo,Inter,A,A,True,0.29,0.282,0.428,0.428,0.428,2676
2026-02-08,Juventus vs Lazio,Juventus,Lazio,D,H,False,0.534,0.317,0.15,0.534,0.534,2676
2026-02-09,Atalanta vs Cremonese,Atalanta,Cremonese,H,H,True,0.499,0.332,0.168,0.499,0.499,2680
2026-02-09,Roma vs Cagliari,Roma,Cagliari,H,H,True,0.566,0.293,0.142,0.566,0.566,2680
2026-02-13,Pisa vs Milan,Pisa,Milan,A,A,True,0.239,0.348,0.413,0.413,0.413,2682
2026-02-14,Como vs Fiorentina,Como,Fiorentina,A,H,False,0.461,0.374,0.165,0.461,0.461,2683
2026-02-14,Lazio vs Atalanta,Lazio,Atalanta,A,H,False,0.433,0.352,0.215,0.433,0.433,2683
2026-02-14,Inter vs Juventus,Inter,Juventus,H,H,True,0.576,0.259,0.165,0.576,0.576,2683
2026-02-15,Napoli vs Roma,Napoli,Roma,D,H,False,0.536,0.283,0.181,0.536,0.536,2686
2026-02-15,Cremonese vs Genoa,Cremonese,Genoa,D,D,True,0.34,0.443,0.217,0.443,0.443,2686
2026-02-15,Torino vs Bologna,Torino,Bologna,A,H,False,0.444,0.34,0.215,0.444,0.444,2686
2026-02-15,Parma vs Verona,Parma,Verona,H,H,True,0.412,0.401,0.186,0.412,0.412,2686
2026-02-15,Udinese vs Sassuolo,Udinese,Sassuolo,A,H,False,0.402,0.367,0.231,0.402,0.402,2686
2026-02-16,Cagliari vs Lecce,Cagliari,Lecce,A,H,False,0.461,0.328,0.211,0.461,0.461,2691
2026-02-18,Milan vs Como,Milan,Como,D,H,False,0.457,0.334,0.209,0.457,0.457,2692
2026-02-20,Sassuolo vs Verona,Sassuolo,Verona,H,H,True,0.466,0.379,0.154,0.466,0.466,2693
2026-02-21,Juventus vs Como,Juventus,Como,A,H,False,0.445,0.375,0.18,0.445,0.445,2694
2026-02-21,Lecce vs Inter,Lecce,Inter,A,A,True,0.256,0.293,0.452,0.452,0.452,2694
2026-02-21,Cagliari vs Lazio,Cagliari,Lazio,D,H,False,0.386,0.336,0.278,0.386,0.386,2694
2026-02-22,Roma vs Cremonese,Roma,Cremonese,H,H,True,0.578,0.273,0.149,0.578,0.578,2697
2026-02-22,Milan vs Parma,Milan,Parma,A,H,False,0.508,0.343,0.149,0.508,0.508,2697
2026-02-22,Genoa vs Torino,Genoa,Torino,H,H,True,0.41,0.401,0.189,0.41,0.41,2697
2026-02-22,Atalanta vs Napoli,Atalanta,Napoli,H,H,True,0.469,0.28,0.251,0.469,0.469,2697
2026-02-23,Fiorentina vs Pisa,Fiorentina,Pisa,H,D,False,0.379,0.472,0.149,0.472,0.472,2701
2026-02-23,Bologna vs Udinese,Bologna,Udinese,H,H,True,0.452,0.333,0.215,0.452,0.452,2701
2026-02-27,Parma vs Cagliari,Parma,Cagliari,D,H,False,0.423,0.389,0.188,0.423,0.423,2703
2026-02-28,Como vs Lecce,Como,Lecce,H,H,True,0.457,0.338,0.205,0.457,0.457,2704
2026-02-28,Verona vs Napoli,Verona,Napoli,A,A,True,0.306,0.3,0.394,0.394,0.394,2704
2026-02-28,Inter vs Genoa,Inter,Genoa,H,H,True,0.595,0.268,0.137,0.595,0.595,2704
2026-03-01,Torino vs Lazio,Torino,Lazio,H,H,True,0.425,0.329,0.246,0.425,0.425,2707
2026-03-01,Roma vs Juventus,Roma,Juventus,D,H,False,0.531,0.267,0.202,0.531,0.531,2707
2026-03-01,Sassuolo vs Atalanta,Sassuolo,Atalanta,H,H,True,0.357,0.349,0.294,0.357,0.357,2707
2026-03-01,Cremonese vs Milan,Cremonese,Milan,A,A,True,0.218,0.381,0.401,0.401,0.401,2707
2026-03-02,Pisa vs Bologna,Pisa,Bologna,A,D,False,0.297,0.356,0.346,0.356,0.356,2711
2026-03-02,Udinese vs Fiorentina,Udinese,Fiorentina,H,H,True,0.452,0.351,0.197,0.452,0.452,2711
2026-03-06,Napoli vs Torino,Napoli,Torino,H,H,True,0.527,0.33,0.143,0.527,0.527,2713
2026-03-07,Cagliari vs Como,Cagliari,Como,A,D,False,0.321,0.363,0.316,0.363,0.363,2714
2026-03-07,Atalanta vs Udinese,Atalanta,Udinese,D,H,False,0.591,0.262,0.147,0.591,0.591,2714
2026-03-07,Juventus vs Pisa,Juventus,Pisa,H,H,True,0.482,0.377,0.142,0.482,0.482,2714
2026-03-08,Genoa vs Roma,Genoa,Roma,H,H,True,0.4,0.326,0.273,0.4,0.4,2717
2026-03-08,Fiorentina vs Parma,Fiorentina,Parma,D,H,False,0.39,0.377,0.233,0.39,0.39,2717
2026-03-08,Milan vs Inter,Milan,Inter,H,H,True,0.381,0.29,0.329,0.381,0.381,2717
2026-03-08,Lecce vs Cremonese,Lecce,Cremonese,H,H,True,0.414,0.349,0.238,0.414,0.414,2717
2026-03-08,Bologna vs Verona,Bologna,Verona,A,H,False,0.475,0.375,0.15,0.475,0.475,2717
2026-03-09,Lazio vs Sassuolo,Lazio,Sassuolo,H,H,True,0.479,0.337,0.185,0.479,0.479,2722
2026-03-13,Torino vs Parma,Torino,Parma,H,H,True,0.419,0.334,0.247,0.419,0.419,2723
2026-03-14,Inter vs Atalanta,Inter,Atalanta,D,H,False,0.579,0.272,0.148,0.579,0.579,2724
2026-03-14,Napoli vs Lecce,Napoli,Lecce,H,H,True,0.544,0.309,0.147,0.544,0.544,2724
2026-03-14,Udinese vs Juventus,Udinese,Juventus,A,H,False,0.364,0.331,0.305,0.364,0.364,2724
2026-03-15,Lazio vs Milan,Lazio,Milan,H,H,True,0.378,0.322,0.3,0.378,0.378,2727
2026-03-15,Sassuolo vs Bologna,Sassuolo,Bologna,A,H,False,0.406,0.35,0.244,0.406,0.406,2727
2026-03-15,Como vs Roma,Como,Roma,H,H,True,0.433,0.333,0.234,0.433,0.433,2727
2026-03-15,Verona vs Genoa,Verona,Genoa,A,H,False,0.406,0.401,0.194,0.406,0.406,2727
2026-03-15,Pisa vs Cagliari,Pisa,Cagliari,H,D,False,0.368,0.384,0.249,0.384,0.384,2727
2026-03-16,Cremonese vs Fiorentina,Cremonese,Fiorentina,A,D,False,0.338,0.396,0.265,0.396,0.396,2732
2026-03-20,Cagliari vs Napoli,Cagliari,Napoli,A,A,True,0.338,0.306,0.356,0.356,0.356,2733
2026-03-20,Genoa vs Udinese,Genoa,Udinese,A,H,False,0.468,0.331,0.201,0.468,0.468,2733
2026-03-21,Parma vs Cremonese,Parma,Cremonese,A,H,False,0.417,0.364,0.219,0.417,0.417,2735
2026-03-21,Milan vs Torino,Milan,Torino,H,H,True,0.537,0.32,0.143,0.537,0.537,2735
2026-03-21,Juventus vs Sassuolo,Juventus,Sassuolo,D,H,False,0.549,0.303,0.148,0.549,0.549,2735
2026-03-22,Roma vs Lecce,Roma,Lecce,H,H,True,0.582,0.273,0.146,0.582,0.582,2738
2026-03-22,Bologna vs Lazio,Bologna,Lazio,A,H,False,0.415,0.347,0.239,0.415,0.415,2738
2026-03-22,Fiorentina vs Inter,Fiorentina,Inter,D,A,False,0.297,0.301,0.402,0.402,0.402,2738
2026-03-22,Como vs Pisa,Como,Pisa,H,H,True,0.458,0.396,0.146,0.458,0.458,2738
2026-03-22,Atalanta vs Verona,Atalanta,Verona,H,H,True,0.571,0.287,0.143,0.571,0.571,2738
2026-04-04,Lazio vs Parma,Lazio,Parma,D,H,False,0.456,0.348,0.196,0.456,0.456,2743
2026-04-04,Sassuolo vs Cagliari,Sassuolo,Cagliari,H,H,True,0.481,0.366,0.152,0.481,0.481,2743
2026-04-04,Verona vs Fiorentina,Verona,Fiorentina,A,H,False,0.389,0.334,0.277,0.389,0.389,2743
2026-04-05,Cremonese vs Bologna,Cremonese,Bologna,A,D,False,0.284,0.366,0.35,0.366,0.366,2746
2026-04-05,Pisa vs Torino,Pisa,Torino,A,H,False,0.389,0.353,0.257,0.389,0.389,2746
2026-04-05,Inter vs Roma,Inter,Roma,H,H,True,0.599,0.255,0.145,0.599,0.599,2746
2026-04-06,Udinese vs Como,Udinese,Como,D,A,False,0.297,0.35,0.353,0.353,0.353,2749
2026-04-06,Lecce vs Atalanta,Lecce,Atalanta,A,H,False,0.363,0.34,0.297,0.363,0.363,2749
2026-04-06,Juventus vs Genoa,Juventus,Genoa,H,H,True,0.518,0.339,0.143,0.518,0.518,2749
2026-04-06,Napoli vs Milan,Napoli,Milan,H,H,True,0.423,0.315,0.262,0.423,0.423,2749
2026-04-10,Roma vs Pisa,Roma,Pisa,H,H,True,0.534,0.325,0.141,0.534,0.534,2753
2026-04-11,Atalanta vs Juventus,Atalanta,Juventus,A,H,False,0.52,0.283,0.197,0.52,0.52,2754
2026-04-11,Milan vs Udinese,Milan,Udinese,A,H,False,0.548,0.303,0.149,0.548,0.548,2754
2026-04-11,Torino vs Verona,Torino,Verona,H,H,True,0.508,0.327,0.165,0.508,0.508,2754
2026-04-11,Cagliari vs Cremonese,Cagliari,Cremonese,H,H,True,0.409,0.35,0.241,0.409,0.409,2754
2026-04-12,Genoa vs Sassuolo,Genoa,Sassuolo,H,H,True,0.453,0.337,0.21,0.453,0.453,2758
2026-04-12,Parma vs Napoli,Parma,Napoli,D,A,False,0.293,0.31,0.397,0.397,0.397,2758
2026-04-12,Bologna vs Lecce,Bologna,Lecce,H,H,True,0.444,0.339,0.217,0.444,0.444,2758
2026-04-12,Como vs Inter,Como,Inter,A,A,True,0.326,0.302,0.372,0.372,0.372,2758
2026-04-13,Fiorentina vs Lazio,Fiorentina,Lazio,H,H,True,0.399,0.372,0.229,0.399,0.399,2762
2026-04-17,Inter vs Cagliari,Inter,Cagliari,H,H,True,0.607,0.255,0.138,0.607,0.607,2763
2026-04-17,Sassuolo vs Como,Sassuolo,Como,H,H,True,0.356,0.327,0.317,0.356,0.356,2763
2026-04-18,Roma vs Atalanta,Roma,Atalanta,D,H,False,0.515,0.299,0.186,0.515,0.515,2765
2026-04-18,Napoli vs Lazio,Napoli,Lazio,A,H,False,0.537,0.313,0.15,0.537,0.537,2765
2026-04-18,Udinese vs Parma,Udinese,Parma,A,D,False,0.367,0.395,0.239,0.395,0.395,2765
2026-04-19,Verona vs Milan,Verona,Milan,A,A,True,0.289,0.291,0.421,0.421,0.421,2768
2026-04-19,Cremonese vs Torino,Cremonese,Torino,D,D,True,0.342,0.377,0.281,0.377,0.377,2768
2026-04-19,Juventus vs Bologna,Juventus,Bologna,H,H,True,0.526,0.314,0.16,0.526,0.526,2768
2026-04-19,Pisa vs Genoa,Pisa,Genoa,A,D,False,0.356,0.397,0.247,0.397,0.397,2768
2026-04-20,Lecce vs Fiorentina,Lecce,Fiorentina,D,H,False,0.42,0.316,0.264,0.42,0.42,2772
2026-04-24,Napoli vs Cremonese,Napoli,Cremonese,H,H,True,0.553,0.3,0.147,0.553,0.553,2773
2026-04-25,Parma vs Pisa,Parma,Pisa,H,D,False,0.407,0.422,0.171,0.422,0.422,2774
2026-04-25,Bologna vs Roma,Bologna,Roma,A,H,False,0.454,0.314,0.232,0.454,0.454,2774
2026-04-25,Verona vs Lecce,Verona,Lecce,D,H,False,0.417,0.339,0.243,0.417,0.417,2774
2026-04-26,Milan vs Juventus,Milan,Juventus,D,H,False,0.441,0.306,0.253,0.441,0.441,2777
2026-04-26,Fiorentina vs Sassuolo,Fiorentina,Sassuolo,D,H,False,0.468,0.367,0.165,0.468,0.468,2777
2026-04-26,Genoa vs Como,Genoa,Como,A,H,False,0.363,0.334,0.302,0.363,0.363,2777
2026-04-26,Torino vs Inter,Torino,Inter,D,A,False,0.346,0.268,0.386,0.386,0.386,2777
2026-04-27,Cagliari vs Atalanta,Cagliari,Atalanta,H,H,True,0.363,0.334,0.303,0.363,0.363,2781
2026-04-27,Lazio vs Udinese,Lazio,Udinese,D,H,False,0.469,0.328,0.203,0.469,0.469,2781
2026-05-01,Pisa vs Lecce,Pisa,Lecce,A,H,False,0.375,0.354,0.27,0.375,0.375,2783
2026-05-02,Udinese vs Torino,Udinese,Torino,H,H,True,0.417,0.375,0.207,0.417,0.417,2784
2026-05-02,Como vs Napoli,Como,Napoli,D,H,False,0.362,0.317,0.321,0.362,0.362,2784
2026-05-02,Atalanta vs Genoa,Atalanta,Genoa,D,H,False,0.561,0.295,0.144,0.561,0.561,2784
2026-05-03,Inter vs Parma,Inter,Parma,H,H,True,0.565,0.291,0.143,0.565,0.565,2787
2026-05-03,Juventus vs Verona,Juventus,Verona,D,H,False,0.568,0.292,0.141,0.568,0.568,2787
2026-05-03,Bologna vs Cagliari,Bologna,Cagliari,D,H,False,0.485,0.349,0.166,0.485,0.485,2787
2026-05-03,Sassuolo vs Milan,Sassuolo,Milan,H,H,True,0.362,0.297,0.341,0.362,0.362,2787
2026-05-04,Cremonese vs Lazio,Cremonese,Lazio,A,D,False,0.274,0.381,0.345,0.381,0.381,2791
2026-05-04,Roma vs Fiorentina,Roma,Fiorentina,H,H,True,0.561,0.292,0.147,0.561,0.561,2791
2026-05-08,Torino vs Sassuolo,Torino,Sassuolo,H,H,True,0.489,0.343,0.168,0.489,0.489,2793
2026-05-09,Cagliari vs Udinese,Cagliari,Udinese,A,H,False,0.441,0.327,0.232,0.441,0.441,2794
2026-05-09,Lazio vs Inter,Lazio,Inter,A,H,False,0.353,0.323,0.324,0.353,0.353,2794
2026-05-09,Lecce vs Juventus,Lecce,Juventus,A,A,True,0.317,0.327,0.355,0.355,0.355,2794
2026-05-10,Milan vs Atalanta,Milan,Atalanta,A,H,False,0.422,0.349,0.229,0.422,0.422,2797
2026-05-10,Parma vs Roma,Parma,Roma,A,H,False,0.394,0.336,0.27,0.394,0.394,2797
2026-05-10,Verona vs Como,Verona,Como,A,A,True,0.253,0.342,0.405,0.405,0.405,2797
2026-05-10,Cremonese vs Pisa,Cremonese,Pisa,H,D,False,0.341,0.464,0.196,0.464,0.464,2797
2026-05-10,Fiorentina vs Genoa,Fiorentina,Genoa,D,H,False,0.457,0.396,0.147,0.457,0.457,2797
2026-05-11,Napoli vs Bologna,Napoli,Bologna,A,H,False,0.528,0.311,0.161,0.528,0.528,2802
2026-05-17,Cagliari vs Torino,Cagliari,Torino,H,H,True,0.481,0.331,0.188,0.481,0.481,2803
2026-05-17,Atalanta vs Bologna,Atalanta,Bologna,A,H,False,0.512,0.291,0.198,0.512,0.512,2803
2026-05-17,Inter vs Verona,Inter,Verona,D,H,False,0.61,0.254,0.136,0.61,0.61,2803
2026-05-17,Pisa vs Napoli,Pisa,Napoli,A,A,True,0.243,0.317,0.439,0.439,0.439,2803
2026-05-17,Roma vs Lazio,Roma,Lazio,H,H,True,0.531,0.309,0.16,0.531,0.531,2803
2026-05-17,Como vs Parma,Como,Parma,H,H,True,0.409,0.366,0.224,0.409,0.409,2803
2026-05-17,Juventus vs Fiorentina,Juventus,Fiorentina,A,H,False,0.533,0.318,0.149,0.533,0.533,2803
2026-05-17,Genoa vs Milan,Genoa,Milan,A,H,False,0.365,0.302,0.334,0.365,0.365,2803
2026-05-17,Sassuolo vs Lecce,Sassuolo,Lecce,A,H,False,0.512,0.31,0.178,0.512,0.512,2803
2026-05-17,Udinese vs Cremonese,Udinese,Cremonese,A,H,False,0.409,0.377,0.214,0.409,0.409,2803
