date,match,prediction,actual,prob,odds,ev,affidabilita,stake,profit,roi,bankroll,won
2024-08-17,Genoa vs Inter,D,D,0.387,4.0,54.800000000000004,0.387,20.0,60.0,300.0,1060.0,True
2024-08-17,Parma vs Fiorentina,D,D,0.387,3.2,23.840000000000018,0.387,14.358181818181826,31.588000000000022,220.00000000000003,1091.588,True
2024-08-17,Empoli vs Monza,D,D,0.387,3.2,23.840000000000018,0.387,14.786055636363644,32.52932240000002,220.00000000000003,1124.1173224,True
2024-08-17,Milan vs Torino,D,D,0.387,3.8,47.05999999999999,0.387,22.482346447999998,62.95057005439999,280.0,1187.0678924544,True
2024-08-18,Lazio vs Venezia,D,H,0.387,4.1,58.67,0.387,23.741357849088,-23.741357849088,-100.0,1163.326534605312,False
2024-08-18,Cagliari vs Roma,D,D,0.387,3.4,31.58000000000001,0.387,19.134297897310294,45.922314953544706,240.0,1209.2488495588566,True
2024-08-18,Bologna vs Udinese,D,D,0.387,3.4,31.58000000000001,0.387,19.889624306806617,47.73509833633588,240.0,1256.9839478951924,True
2024-08-18,Verona vs Napoli,D,H,0.387,3.6,39.32,0.387,23.761831168864887,-23.761831168864887,-100.0,1233.2221167263274,False
2024-08-19,Lecce vs Atalanta,D,A,0.387,3.7,43.19000000000002,0.387,24.658732972875047,-24.658732972875047,-100.0,1208.5633837534524,False
2024-08-19,Juventus vs Como,D,H,0.387,5.0,93.5,0.387,24.17126767506905,-24.17126767506905,-100.0,1184.3921160783834,False
2024-08-24,Parma vs Milan,D,H,0.387,3.9,50.93000000000001,0.387,23.68784232156767,-23.68784232156767,-100.0,1160.7042737568158,False
2024-08-24,Udinese vs Lazio,D,H,0.387,3.1,19.97,0.387,13.7971811588831,-13.7971811588831,-100.0,1146.9070925979327,False
2024-08-24,Inter vs Lecce,D,H,0.387,7.0,170.9,0.387,22.938141851958655,-22.938141851958655,-100.0,1123.968950745974,False
2024-08-24,Monza vs Genoa,D,A,0.387,3.1,19.97,0.387,13.360511872855415,-13.360511872855415,-100.0,1110.6084388731188,False
2024-08-25,Napoli vs Bologna,D,H,0.387,3.5,35.45,0.387,19.685534579026033,-19.685534579026033,-100.0,1090.9229042940926,False
2024-08-25,Roma vs Empoli,D,A,0.387,4.33,67.571,0.387,21.818458085881854,-21.818458085881854,-100.0,1069.1044462082107,False
2024-08-25,Fiorentina vs Venezia,D,D,0.387,4.75,83.82499999999999,0.387,21.382088924164215,80.1828334656158,374.99999999999994,1149.2872796738266,True
2024-08-25,Torino vs Atalanta,D,H,0.387,3.1,19.97,0.387,13.661468437551376,-13.661468437551376,-100.0,1135.6258112362752,False
2024-08-26,Cagliari vs Como,D,D,0.387,3.4,31.58000000000001,0.387,18.678678707729993,44.82882889855198,240.0,1180.4546401348273,True
2024-08-26,Verona vs Juventus,D,A,0.387,3.75,45.12499999999999,0.387,23.609092802696548,-23.609092802696548,-100.0,1156.8455473321308,False
2024-08-30,Inter vs Atalanta,D,H,0.387,4.33,67.571,0.387,23.136910946642615,-23.136910946642615,-100.0,1133.7086363854883,False
2024-08-30,Venezia vs Torino,D,A,0.387,3.3,27.70999999999999,0.387,17.073405605566236,-17.073405605566236,-100.0,1116.635230779922,False
2024-08-31,Lazio vs Milan,D,D,0.387,3.4,31.58000000000001,0.387,18.366323222932266,44.07917573503744,240.0,1160.7144065149596,True
2024-08-31,Napoli vs Parma,D,H,0.387,4.33,67.571,0.387,23.21428813029919,-23.21428813029919,-100.0,1137.5001183846605,False
2024-08-31,Bologna vs Empoli,D,D,0.387,3.75,45.12499999999999,0.387,22.75000236769321,62.56250651115633,275.0,1200.0626248958167,True
2024-08-31,Lecce vs Cagliari,D,H,0.387,3.2,23.840000000000018,0.387,16.255393737225162,-16.255393737225162,-100.0,1183.8072311585915,False
2024-09-01,Udinese vs Como,D,H,0.387,3.4,31.58000000000001,0.387,19.471162687493926,-19.471162687493926,-100.0,1164.3360684710976,False
2024-09-01,Juventus vs Roma,D,D,0.387,3.6,39.32,0.387,22.01042990975171,57.22711776535445,260.0,1221.563186236452,True
2024-09-01,Genoa vs Verona,D,A,0.387,3.3,27.70999999999999,0.387,18.396476027506566,-18.396476027506566,-100.0,1203.1667102089455,False
2024-09-01,Fiorentina vs Monza,D,D,0.387,3.9,50.93000000000001,0.387,24.06333420417891,69.78366919211884,290.0,1272.9503794010643,True
2024-09-14,Como vs Bologna,D,D,0.387,3.25,25.775000000000013,0.387,18.22794223836803,41.01287003632807,225.0,1313.9632494373923,True
2024-09-14,Empoli vs Juventus,D,D,0.387,3.6,39.32,0.387,24.83895911917224,64.58129370984783,260.0,1378.5445431472401,True
2024-09-14,Milan vs Venezia,D,H,0.387,5.75,122.52499999999999,0.387,27.570890862944804,-27.570890862944804,-100.0,1350.9736522842952,False
2024-09-15,Genoa vs Roma,D,D,0.387,3.3,27.70999999999999,0.387,20.34536951347707,46.79434988099726,229.99999999999997,1397.7680021652925,True
2024-09-15,Atalanta vs Fiorentina,D,H,0.387,3.6,39.32,0.387,26.423191271701587,-26.423191271701587,-100.0,1371.3448108935909,False
2024-09-15,Torino vs Lecce,D,D,0.387,3.5,35.45,0.387,24.3070867730889,60.76771693272225,250.0,1432.1125278263132,True
2024-09-15,Cagliari vs Napoli,D,A,0.387,3.75,45.12499999999999,0.387,28.642250556526264,-28.642250556526264,-100.0,1403.470277269787,False
2024-09-15,Monza vs Inter,D,D,0.387,4.75,83.82499999999999,0.387,28.06940554539574,105.26027079523402,375.0,1508.730548065021,True
2024-09-16,Lazio vs Verona,D,H,0.387,3.8,47.05999999999999,0.387,30.17461096130042,-30.17461096130042,-100.0,1478.5559371037205,False
2024-09-16,Parma vs Udinese,D,A,0.387,3.4,31.58000000000001,0.387,24.319164840487247,-24.319164840487247,-100.0,1454.2367722632332,False
2024-09-20,Cagliari vs Empoli,D,A,0.387,3.4,31.58000000000001,0.387,23.91916524378798,-23.91916524378798,-100.0,1430.3176070194452,False
2024-09-20,Verona vs Torino,D,A,0.387,3.0,16.1,0.387,14.39257092063317,-14.39257092063317,-100.0,1415.925036098812,False
2024-09-21,Venezia vs Genoa,D,H,0.387,3.2,23.840000000000018,0.387,19.179348216247554,-19.179348216247554,-100.0,1396.7456878825644,False
2024-09-21,Juventus vs Napoli,D,D,0.387,3.4,31.58000000000001,0.387,22.97355667881844,55.136536029164255,240.0,1451.8822239117287,True
2024-09-21,Lecce vs Parma,D,D,0.387,3.5,35.45,0.387,25.734612418835393,64.33653104708849,250.0,1516.2187549588173,True
2024-09-22,Fiorentina vs Lazio,D,H,0.387,3.4,31.58000000000001,0.387,24.938639729999725,-24.938639729999725,-100.0,1491.2801152288175,False
2024-09-22,Monza vs Bologna,D,A,0.387,3.1,19.97,0.387,17.72670470304731,-17.72670470304731,-100.0,1473.5534105257702,False
2024-09-22,Roma vs Udinese,D,H,0.387,4.2,62.54000000000002,0.387,29.471068210515405,-29.471068210515405,-100.0,1444.082342315255,False
2024-09-22,Inter vs Milan,D,A,0.387,4.0,54.800000000000004,0.387,28.8816468463051,-28.8816468463051,-100.0,1415.2006954689498,False
2024-09-24,Atalanta vs Como,D,A,0.387,4.5,74.15,0.387,28.304013909378995,-28.304013909378995,-100.0,1386.8966815595709,False
2024-09-27,Milan vs Lecce,D,H,0.387,5.75,122.52499999999999,0.387,27.737933631191417,-27.737933631191417,-100.0,1359.1587479283794,False
2024-09-28,Udinese vs Inter,D,A,0.387,4.33,67.571,0.387,27.183174958567587,-27.183174958567587,-100.0,1331.9755729698118,False
2024-09-28,Genoa vs Juventus,D,A,0.387,3.5,35.45,0.387,23.609267030889914,-23.609267030889914,-100.0,1308.3663059389219,False
2024-09-28,Bologna vs Atalanta,D,D,0.387,3.3,27.70999999999999,0.387,19.703712139982347,45.3185379219594,229.99999999999997,1353.6848438608813,True
2024-09-29,Torino vs Lazio,D,A,0.387,3.1,19.97,0.387,16.091122816608213,-16.091122816608213,-100.0,1337.593721044273,False
2024-09-29,Como vs Verona,D,H,0.387,3.4,31.58000000000001,0.387,22.00063005759279,-22.00063005759279,-100.0,1315.5930909866802,False
2024-09-29,Roma vs Venezia,D,H,0.387,4.75,83.82499999999999,0.387,26.311861819733604,-26.311861819733604,-100.0,1289.2812291669466,False
2024-09-29,Empoli vs Fiorentina,D,D,0.387,3.3,27.70999999999999,0.387,19.41629503272613,44.65747857527009,229.99999999999997,1333.9387077422166,True
2024-09-29,Napoli vs Monza,D,H,0.387,5.0,93.5,0.387,26.678774154844334,-26.678774154844334,-100.0,1307.2599335873722,False
2024-09-30,Parma vs Cagliari,D,A,0.387,3.6,39.32,0.387,24.712240667622822,-24.712240667622822,-100.0,1282.5476929197494,False
2024-10-04,Verona vs Venezia,D,H,0.387,3.2,23.840000000000018,0.387,17.37269147682207,-17.37269147682207,-100.0,1265.1750014429272,False
2024-10-04,Napoli vs Como,D,H,0.387,4.33,67.571,0.387,25.303500028858544,-25.303500028858544,-100.0,1239.8715014140687,False
2024-10-05,Udinese vs Lecce,D,H,0.387,3.3,27.70999999999999,0.387,18.672195274012953,-18.672195274012953,-100.0,1221.1993061400558,False
2024-10-05,Atalanta vs Genoa,D,H,0.387,4.75,83.82499999999999,0.387,24.423986122801118,-24.423986122801118,-100.0,1196.7753200172547,False
2024-10-05,Inter vs Torino,D,H,0.387,5.0,93.5,0.387,23.935506400345094,-23.935506400345094,-100.0,1172.8398136169096,False
2024-10-06,Juventus vs Cagliari,D,D,0.387,5.0,93.5,0.387,23.45679627233819,93.82718508935277,400.0,1266.6669987062623,True
2024-10-06,Bologna vs Parma,D,D,0.387,3.7,43.19000000000002,0.387,25.327475775057174,68.38418459265438,270.0,1335.0511832989168,True
2024-10-06,Lazio vs Empoli,D,H,0.387,4.0,54.800000000000004,0.387,26.701023665978337,-26.701023665978337,-100.0,1308.3501596329386,False
2024-10-06,Monza vs Roma,D,D,0.387,3.4,31.58000000000001,0.387,21.519634396462614,51.64712255151027,240.0,1359.9972821844487,True
2024-10-06,Fiorentina vs Milan,D,H,0.387,3.6,39.32,0.387,25.709179392063714,-25.709179392063714,-100.0,1334.288102792385,False
2024-10-19,Juventus vs Lazio,D,H,0.387,3.3,27.70999999999999,0.387,20.09408876542227,-20.09408876542227,-100.0,1314.1940140269626,False
2024-10-19,Milan vs Udinese,D,H,0.387,4.75,83.82499999999999,0.387,26.28388028053925,-26.28388028053925,-100.0,1287.9101337464233,False
2024-10-19,Como vs Parma,D,D,0.387,3.6,39.32,0.387,24.34645502832181,63.30078307363671,260.0,1351.21091682006,True
2024-10-19,Genoa vs Bologna,D,D,0.387,3.1,19.97,0.387,16.06171548148607,33.729602511120746,210.0,1384.9405193311807,True
2024-10-20,Empoli vs Napoli,D,A,0.387,3.5,35.45,0.387,24.54807070514518,-24.54807070514518,-100.0,1360.3924486260355,False
2024-10-20,Lecce vs Fiorentina,D,A,0.387,3.3,27.70999999999999,0.387,20.48721453881926,-20.48721453881926,-100.0,1339.9052340872163,False
2024-10-20,Venezia vs Atalanta,D,A,0.387,4.0,54.800000000000004,0.387,26.798104681744327,-26.798104681744327,-100.0,1313.107129405472,False
2024-10-20,Cagliari vs Torino,D,H,0.387,3.1,19.97,0.387,15.608779389420995,-15.608779389420995,-100.0,1297.498350016051,False
2024-10-20,Roma vs Inter,D,A,0.387,3.7,43.19000000000002,0.387,25.9439600635154,-25.9439600635154,-100.0,1271.5543899525358,False
2024-10-21,Verona vs Monza,D,A,0.387,3.0,16.1,0.387,12.795016048897393,-12.795016048897393,-100.0,1258.7593739036383,False
2024-10-25,Udinese vs Cagliari,D,H,0.387,3.3,27.70999999999999,0.387,18.956642527646636,-18.956642527646636,-100.0,1239.8027313759917,False
2024-10-25,Torino vs Como,D,H,0.387,3.0,16.1,0.387,12.47551498447092,-12.47551498447092,-100.0,1227.3272163915208,False
2024-10-26,Atalanta vs Verona,D,H,0.387,4.75,83.82499999999999,0.387,24.546544327830418,-24.546544327830418,-100.0,1202.7806720636904,False
2024-10-26,Napoli vs Lecce,D,H,0.387,6.0,132.20000000000002,0.387,24.05561344127381,-24.05561344127381,-100.0,1178.7250586224166,False
2024-10-27,Parma vs Empoli,D,D,0.387,3.3,27.70999999999999,0.387,17.751343138275626,40.82808921803394,229.99999999999997,1219.5531478404505,True
2024-10-27,Lazio vs Genoa,D,H,0.387,4.2,62.54000000000002,0.387,24.39106295680901,-24.39106295680901,-100.0,1195.1620848836415,False
2024-10-27,Monza vs Venezia,D,D,0.387,3.25,25.775000000000013,0.387,17.11405707659771,38.506628422344846,225.0,1233.6687133059863,True
2024-10-27,Inter vs Juventus,D,D,0.387,3.5,35.45,0.387,21.86677794334861,54.66694485837152,250.0,1288.335658164358,True
2024-10-27,Fiorentina vs Roma,D,H,0.387,3.4,31.58000000000001,0.387,21.190437544182522,-21.190437544182522,-100.0,1267.1452206201755,False
2024-10-29,Milan vs Napoli,D,A,0.387,3.4,31.58000000000001,0.387,20.841898993325604,-20.841898993325604,-100.0,1246.3033216268498,False
2024-10-29,Cagliari vs Bologna,D,A,0.387,3.25,25.775000000000013,0.387,17.84637117496226,-17.84637117496226,-100.0,1228.4569504518875,False
2024-10-29,Lecce vs Verona,D,H,0.387,3.25,25.775000000000013,0.387,17.590821054387455,-17.590821054387455,-100.0,1210.8661293975,False
2024-10-30,Juventus vs Parma,D,D,0.387,4.75,83.82499999999999,0.387,24.217322587949997,90.8149597048125,375.0,1301.6810891023124,True
2024-10-30,Atalanta vs Monza,D,H,0.387,5.0,93.5,0.387,26.03362178204625,-26.03362178204625,-100.0,1275.647467320266,False
2024-10-30,Venezia vs Udinese,D,H,0.387,3.25,25.775000000000013,0.387,18.26656303898882,-18.26656303898882,-100.0,1257.3809042812773,False
2024-10-30,Empoli vs Inter,D,A,0.387,4.33,67.571,0.387,25.147618085625545,-25.147618085625545,-100.0,1232.2332861956518,False
2024-10-31,Genoa vs Fiorentina,D,A,0.387,3.9,50.93000000000001,0.387,24.644665723913036,-24.644665723913036,-100.0,1207.5886204717387,False
2024-10-31,Como vs Lazio,D,A,0.387,3.3,27.70999999999999,0.387,18.18602210503906,-18.18602210503906,-100.0,1189.4025983666997,False
2024-10-31,Roma vs Torino,D,H,0.387,3.8,47.05999999999999,0.387,23.788051967333995,-23.788051967333995,-100.0,1165.6145463993657,False
2024-11-02,Bologna vs Lecce,D,H,0.387,3.5,35.45,0.387,20.660517834928758,-20.660517834928758,-100.0,1144.954028564437,False
2024-11-02,Udinese vs Juventus,D,A,0.387,3.2,23.840000000000018,0.387,15.508922750554657,-15.508922750554657,-100.0,1129.4451058138825,False
2024-11-02,Monza vs Milan,D,A,0.387,3.6,39.32,0.387,21.350856519520125,-21.350856519520125,-100.0,1108.0942492943623,False
2024-11-03,Inter vs Venezia,D,H,0.387,7.0,170.9,0.387,22.161884985887244,-22.161884985887244,-100.0,1085.932364308475,False
2024-11-03,Verona vs Roma,D,H,0.387,3.5,35.45,0.387,19.24815115736772,-19.24815115736772,-100.0,1066.684213151107,False
2024-11-03,Napoli vs Atalanta,D,A,0.387,3.4,31.58000000000001,0.387,17.54473304755832,-17.54473304755832,-100.0,1049.1394801035487,False
2024-11-03,Torino vs Fiorentina,D,A,0.387,3.3,27.70999999999999,0.387,15.799812496559417,-15.799812496559417,-100.0,1033.3396676069892,False
2024-11-04,Empoli vs Como,D,H,0.387,3.1,19.97,0.387,12.283210215542603,-12.283210215542603,-100.0,1021.0564573914467,False
2024-11-04,Parma vs Genoa,D,A,0.387,3.4,31.58000000000001,0.387,16.794251523136406,-16.794251523136406,-100.0,1004.2622058683103,False
2024-11-04,Lazio vs Cagliari,D,H,0.387,3.75,45.12499999999999,0.387,20.085244117366205,-20.085244117366205,-100.0,984.1769617509441,False
2024-11-07,Genoa vs Como,D,D,0.387,3.3,27.70999999999999,0.387,14.82149109245579,34.089429512648316,229.99999999999997,1018.2663912635924,True
2024-11-08,Lecce vs Empoli,D,D,0.387,3.0,16.1,0.387,10.2463055620899,20.4926111241798,200.0,1038.7590023877722,True
2024-11-09,Venezia vs Parma,D,A,0.387,3.4,31.58000000000001,0.387,17.085421508023884,-17.085421508023884,-100.0,1021.6735808797483,False
2024-11-09,Cagliari vs Milan,D,D,0.387,4.1,58.67,0.387,20.433471617594968,63.343762014544396,309.99999999999994,1085.0173428942928,True
2024-11-09,Juventus vs Torino,D,H,0.387,3.8,47.05999999999999,0.387,21.700346857885858,-21.700346857885858,-100.0,1063.3169960364069,False
2024-11-10,Monza vs Lazio,D,A,0.387,3.8,47.05999999999999,0.387,21.26633992072814,-21.26633992072814,-100.0,1042.0506561156787,False
2024-11-10,Inter vs Napoli,D,D,0.387,3.7,43.19000000000002,0.387,20.836188813720455,56.25770979704523,270.0,1098.308365912724,True
2024-11-10,Fiorentina vs Verona,D,H,0.387,4.5,74.15,0.387,21.96616731825448,-21.96616731825448,-100.0,1076.3421985944694,False
2024-11-10,Atalanta vs Udinese,D,H,0.387,5.0,93.5,0.387,21.526843971889388,-21.526843971889388,-100.0,1054.8153546225801,False
2024-11-10,Roma vs Bologna,D,A,0.387,3.4,31.58000000000001,0.387,17.349515051552654,-17.349515051552654,-100.0,1037.4658395710276,False
2024-11-23,Verona vs Inter,D,A,0.387,5.25,103.17500000000001,0.387,20.74931679142055,-20.74931679142055,-100.0,1016.716522779607,False
2024-11-23,Milan vs Juventus,D,D,0.387,3.3,27.70999999999999,0.387,15.311529807729839,35.21651855777863,229.99999999999997,1051.9330413373857,True
2024-11-23,Parma vs Atalanta,D,A,0.387,4.2,62.54000000000002,0.387,21.038660826747716,-21.038660826747716,-100.0,1030.894380510638,False
2024-11-24,Genoa vs Cagliari,D,D,0.387,3.1,19.97,0.387,12.25414332071276,25.7337009734968,210.0,1056.6280814841348,True
2024-11-24,Como vs Fiorentina,D,A,0.387,3.1,19.97,0.387,12.560037373356053,-12.560037373356053,-100.0,1044.0680441107788,False
2024-11-24,Torino vs Monza,D,D,0.387,3.0,16.1,0.387,10.505934693864715,21.01186938772943,200.0,1065.0799134985082,True
2024-11-24,Napoli vs Roma,D,H,0.387,3.6,39.32,0.387,20.134106826327567,-20.134106826327567,-100.0,1044.9458066721807,False
2024-11-24,Lazio vs Bologna,D,H,0.387,3.5,35.45,0.387,18.521664423264404,-18.521664423264404,-100.0,1026.4241422489163,False
2024-11-25,Venezia vs Lecce,D,A,0.387,3.25,25.775000000000013,0.387,14.697823481369907,-14.697823481369907,-100.0,1011.7263187675463,False
2024-11-25,Empoli vs Udinese,D,D,0.387,2.9,12.230000000000008,0.387,8.140403209557302,15.466766098158873,190.0,1027.1930848657053,True
2024-11-29,Cagliari vs Verona,D,H,0.387,3.4,31.58000000000001,0.387,16.89518626044739,-16.89518626044739,-100.0,1010.2978986052578,False
2024-11-30,Como vs Monza,D,D,0.387,3.25,25.775000000000013,0.387,14.466904631416964,32.55053542068817,225.0,1042.848434025946,True
2024-11-30,Milan vs Empoli,D,H,0.387,4.75,83.82499999999999,0.387,20.85696868051892,-20.85696868051892,-100.0,1021.9914653454272,False
2024-11-30,Bologna vs Venezia,D,H,0.387,3.9,50.93000000000001,0.387,20.439829306908543,-20.439829306908543,-100.0,1001.5516360385186,False
2024-12-01,Udinese vs Genoa,D,A,0.387,3.3,27.70999999999999,0.387,15.083149910123556,-15.083149910123556,-100.0,986.468486128395,False
2024-12-01,Parma vs Lazio,D,H,0.387,3.8,47.05999999999999,0.387,19.729369722567903,-19.729369722567903,-100.0,966.7391164058272,False
2024-12-01,Torino vs Napoli,D,A,0.387,3.4,31.58000000000001,0.387,15.900844425050018,-15.900844425050018,-100.0,950.8382719807772,False
2024-12-01,Lecce vs Juventus,D,D,0.387,3.6,39.32,0.387,17.97450041071354,46.7337010678552,260.0,997.5719730486325,True
2024-12-02,Roma vs Atalanta,D,A,0.387,3.5,35.45,0.387,17.68196322228701,-17.68196322228701,-100.0,979.8900098263455,False
2024-12-06,Atalanta vs Milan,D,H,0.387,3.4,31.58000000000001,0.387,16.11714922412292,-16.11714922412292,-100.0,963.7728606022225,False
2024-12-06,Inter vs Parma,D,H,0.387,7.0,170.9,0.387,19.27545721204445,-19.27545721204445,-100.0,944.4974033901781,False
2024-12-07,Genoa vs Torino,D,D,0.387,3.1,19.97,0.387,11.227150681965389,23.57701643212732,210.0,968.0744198223053,True
2024-12-07,Juventus vs Bologna,D,D,0.387,3.6,39.32,0.387,18.300329897794732,47.5808577342663,260.0,1015.6552775565716,True
2024-12-07,Roma vs Lecce,D,H,0.387,4.0,54.800000000000004,0.387,20.313105551131432,-20.313105551131432,-100.0,995.3421720054401,False
2024-12-08,Fiorentina vs Cagliari,D,H,0.387,4.5,74.15,0.387,19.906843440108805,-19.906843440108805,-100.0,975.4353285653314,False
2024-12-08,Verona vs Empoli,D,A,0.387,2.75,6.424999999999992,0.387,4.476551418594461,-4.476551418594461,-100.0,970.9587771467369,False
2024-12-08,Venezia vs Como,D,D,0.387,3.3,27.70999999999999,0.387,14.622428105834823,33.63158464342009,229.99999999999997,1004.590361790157,True
2024-12-08,Napoli vs Lazio,D,A,0.387,3.4,31.58000000000001,0.387,16.523418554861028,-16.523418554861028,-100.0,988.066943235296,False
2024-12-09,Monza vs Udinese,D,A,0.387,3.0,16.1,0.387,9.942423616305168,-9.942423616305168,-100.0,978.1245196189908,False
2024-12-13,Empoli vs Torino,D,A,0.387,2.88,11.456,0.387,7.4503952770978445,-7.4503952770978445,-100.0,970.6741243418929,False
2024-12-14,Juventus vs Venezia,D,D,0.387,5.25,103.17500000000001,0.387,19.41348248683786,82.5073005690609,425.0,1053.1814249109539,True
2024-12-14,Cagliari vs Atalanta,D,A,0.387,4.33,67.571,0.387,21.063628498219078,-21.063628498219078,-100.0,1032.1177964127348,False
2024-12-14,Udinese vs Napoli,D,A,0.387,3.5,35.45,0.387,18.294287941415725,-18.294287941415725,-100.0,1013.8235084713191,False
2024-12-15,Lecce vs Monza,D,H,0.387,3.0,16.1,0.387,10.20159905399265,-10.20159905399265,-100.0,1003.6219094173265,False
2024-12-15,Bologna vs Fiorentina,D,H,0.387,3.1,19.97,0.387,11.929958054204766,-11.929958054204766,-100.0,991.6919513631217,False
2024-12-15,Parma vs Verona,D,A,0.387,3.75,45.12499999999999,0.387,19.833839027262435,-19.833839027262435,-100.0,971.8581123358592,False
2024-12-15,Como vs Roma,D,H,0.387,3.4,31.58000000000001,0.387,15.985041243524192,-15.985041243524192,-100.0,955.8730710923351,False
2024-12-15,Milan vs Genoa,D,D,0.387,5.25,103.17500000000001,0.387,19.117461421846702,81.24921104284849,425.0,1037.1222821351835,True
2024-12-16,Lazio vs Inter,D,A,0.387,3.4,31.58000000000001,0.387,17.05850086970266,-17.05850086970266,-100.0,1020.0637812654808,False
2024-12-20,Verona vs Milan,D,A,0.387,4.1,58.67,0.387,20.401275625309616,-20.401275625309616,-100.0,999.6625056401712,False
2024-12-21,Lecce vs Lazio,D,A,0.387,3.6,39.32,0.387,18.897466212390157,-18.897466212390157,-100.0,980.765039427781,False
2024-12-21,Torino vs Bologna,D,A,0.387,2.9,12.230000000000008,0.387,7.891287126448532,-7.891287126448532,-100.0,972.8737523013324,False
2024-12-21,Genoa vs Napoli,D,A,0.387,3.6,39.32,0.387,18.391055740619418,-18.391055740619418,-100.0,954.482696560713,False
2024-12-22,Roma vs Parma,D,H,0.387,4.2,62.54000000000002,0.387,19.089653931214258,-19.089653931214258,-100.0,935.3930426294987,False
2024-12-22,Venezia vs Cagliari,D,H,0.387,3.3,27.70999999999999,0.387,14.086815875686632,-14.086815875686632,-100.0,921.3062267538121,False
2024-12-22,Atalanta vs Empoli,D,H,0.387,5.5,112.84999999999998,0.387,18.42612453507624,-18.42612453507624,-100.0,902.8801022187358,False
2024-12-22,Monza vs Juventus,D,A,0.387,3.5,35.45,0.387,16.003549811827092,-16.003549811827092,-100.0,886.8765524069088,False
2024-12-23,Fiorentina vs Udinese,D,A,0.387,3.8,47.05999999999999,0.387,17.737531048138177,-17.737531048138177,-100.0,869.1390213587706,False
2024-12-23,Inter vs Como,D,H,0.387,6.5,151.55000000000004,0.387,17.382780427175412,-17.382780427175412,-100.0,851.7562409315952,False
2024-12-28,Cagliari vs Inter,D,A,0.387,4.75,83.82499999999999,0.387,17.035124818631907,-17.035124818631907,-100.0,834.7211161129634,False
2024-12-28,Lazio vs Atalanta,D,D,0.387,3.3,27.70999999999999,0.387,12.570718547549028,28.912652659362763,229.99999999999997,863.6337687723261,True
2024-12-28,Empoli vs Genoa,D,A,0.387,2.9,12.230000000000008,0.387,6.948842757951023,-6.948842757951023,-100.0,856.684926014375,False
2024-12-28,Parma vs Monza,D,H,0.387,3.5,35.45,0.387,15.184740313604799,-15.184740313604799,-100.0,841.5001857007702,False
2024-12-29,Udinese vs Torino,D,D,0.387,3.1,19.97,0.387,10.002832564550225,21.005948385555474,210.0,862.5061340863257,True
2024-12-29,Napoli vs Venezia,D,H,0.387,5.5,112.84999999999998,0.387,17.250122681726513,-17.250122681726513,-100.0,845.2560114045991,False
2024-12-29,Juventus vs Fiorentina,D,D,0.387,3.3,27.70999999999999,0.387,12.729371780446433,29.277555095026795,229.99999999999997,874.5335664996259,True
2024-12-29,Milan vs Roma,D,D,0.387,3.4,31.58000000000001,0.387,14.384255223988644,34.52221253757274,240.0,909.0557790371986,True
2024-12-30,Como vs Lecce,D,H,0.387,3.7,43.19000000000002,0.387,18.176906989174363,-18.176906989174363,-100.0,890.8788720480243,False
2024-12-30,Bologna vs Verona,D,A,0.387,4.1,58.67,0.387,17.817577440960488,-17.817577440960488,-100.0,873.0612946070638,False
2025-01-04,Venezia vs Empoli,D,D,0.387,3.1,19.97,0.387,10.37799646029944,21.793792566628827,210.0,894.8550871736926,True
2025-01-04,Fiorentina vs Napoli,D,A,0.387,3.25,25.775000000000013,0.387,12.813827706612189,-12.813827706612189,-100.0,882.0412594670804,False
2025-01-04,Verona vs Udinese,D,D,0.387,3.0,16.1,0.387,8.875540173387499,17.751080346774998,200.0,899.7923398138554,True
2025-01-05,Torino vs Parma,D,D,0.387,3.4,31.58000000000001,0.387,14.799709422563314,35.519302614151954,240.0,935.3116424280073,True
2025-01-05,Roma vs Lazio,D,H,0.387,3.1,19.97,0.387,11.117960416242441,-11.117960416242441,-100.0,924.1936820117648,False
2025-01-05,Lecce vs Genoa,D,D,0.387,3.0,16.1,0.387,9.299698925243385,18.59939785048677,200.0,942.7930798622516,True
2025-01-05,Monza vs Cagliari,D,A,0.387,3.25,25.775000000000013,0.387,13.500273129694193,-13.500273129694193,-100.0,929.2928067325574,False
2025-01-10,Lazio vs Como,D,D,0.387,3.4,31.58000000000001,0.387,15.284930644069883,36.68383354576772,240.0,965.9766402783251,True
2025-01-11,Empoli vs Lecce,D,A,0.387,3.1,19.97,0.387,11.482472325213184,-11.482472325213184,-100.0,954.494167953112,False
2025-01-11,Udinese vs Atalanta,D,D,0.387,3.8,47.05999999999999,0.387,19.089883359062238,53.451673405374265,280.0,1007.9458413584862,True
2025-01-11,Torino vs Juventus,D,D,0.387,3.2,23.840000000000018,0.387,13.653084578401321,30.036786072482908,220.00000000000003,1037.9826274309692,True
2025-01-11,Milan vs Cagliari,D,D,0.387,5.0,93.5,0.387,20.759652548619382,83.03861019447753,400.0,1121.0212376254467,True
2025-01-12,Genoa vs Parma,D,H,0.387,3.5,35.45,0.387,19.870101436911042,-19.870101436911042,-100.0,1101.1511361885357,False
2025-01-12,Venezia vs Inter,D,A,0.387,5.25,103.17500000000001,0.387,22.023022723770715,-22.023022723770715,-100.0,1079.128113464765,False
2025-01-12,Bologna vs Roma,D,D,0.387,3.2,23.840000000000018,0.387,14.617280809659098,32.15801778125002,220.00000000000003,1111.286131246015,True
2025-01-12,Napoli vs Verona,D,H,0.387,5.5,112.84999999999998,0.387,22.2257226249203,-22.2257226249203,-100.0,1089.0604086210947,False
2025-01-13,Monza vs Fiorentina,D,H,0.387,3.5,35.45,0.387,19.303595742808906,-19.303595742808906,-100.0,1069.7568128782857,False
2025-01-14,Como vs Milan,D,A,0.387,3.5,35.45,0.387,18.961439508267617,-18.961439508267617,-100.0,1050.795373370018,False
2025-01-14,Atalanta vs Juventus,D,D,0.387,3.25,25.775000000000013,0.387,15.046805971451239,33.85531343576529,225.0,1084.6506868057834,True
2025-01-15,Inter vs Bologna,D,D,0.387,4.2,62.54000000000002,0.387,21.693013736115667,69.41764395557014,320.0,1154.0683307613535,True
2025-01-17,Roma vs Genoa,D,H,0.387,4.1,58.67,0.387,23.081366615227072,-23.081366615227072,-100.0,1130.9869641461264,False
2025-01-18,Juventus vs Milan,D,H,0.387,3.3,27.70999999999999,0.387,17.032417813309323,-17.032417813309323,-100.0,1113.954546332817,False
2025-01-18,Atalanta vs Napoli,D,A,0.387,3.25,25.775000000000013,0.387,15.951210239849097,-15.951210239849097,-100.0,1098.0033360929679,False
2025-01-18,Bologna vs Monza,D,H,0.387,3.75,45.12499999999999,0.387,21.96006672185936,-21.96006672185936,-100.0,1076.0432693711084,False
2025-01-19,Inter vs Empoli,D,H,0.387,5.75,122.52499999999999,0.387,21.52086538742217,-21.52086538742217,-100.0,1054.5224039836862,False
2025-01-19,Verona vs Lazio,D,A,0.387,3.5,35.45,0.387,18.69140961061084,-18.69140961061084,-100.0,1035.8309943730753,False
2025-01-19,Fiorentina vs Torino,D,D,0.387,3.4,31.58000000000001,0.387,17.03726187619882,40.889428502877166,240.0,1076.7204228759524,True
2025-01-19,Cagliari vs Lecce,D,H,0.387,3.3,27.70999999999999,0.387,16.21517549885469,-16.21517549885469,-100.0,1060.5052473770977,False
2025-01-19,Parma vs Venezia,D,D,0.387,3.7,43.19000000000002,0.387,21.205195201026328,57.25402704277109,270.0,1117.7592744198687,True
2025-01-20,Como vs Udinese,D,H,0.387,3.4,31.58000000000001,0.387,18.384811399051806,-18.384811399051806,-100.0,1099.3744630208168,False
2025-01-24,Torino vs Cagliari,D,H,0.387,3.2,23.840000000000018,0.387,14.891526817281981,-14.891526817281981,-100.0,1084.4829362035348,False
2025-01-25,Como vs Atalanta,D,A,0.387,3.6,39.32,0.387,20.500898582462973,-20.500898582462973,-100.0,1063.9820376210719,False
2025-01-25,Napoli vs Juventus,D,H,0.387,3.1,19.97,0.387,12.647453149579048,-12.647453149579048,-100.0,1051.334584471493,False
2025-01-25,Empoli vs Bologna,D,D,0.387,3.3,27.70999999999999,0.387,15.832870291144054,36.41560166963132,229.99999999999997,1087.7501861411242,True
2025-01-26,Lazio vs Fiorentina,D,A,0.387,3.5,35.45,0.387,19.280372049351428,-19.280372049351428,-100.0,1068.4698140917728,False
2025-01-26,Lecce vs Inter,D,A,0.387,5.25,103.17500000000001,0.387,21.369396281835456,-21.369396281835456,-100.0,1047.1004178099374,False
2025-01-26,Milan vs Parma,D,H,0.387,6.0,132.20000000000002,0.387,20.94200835619875,-20.94200835619875,-100.0,1026.1584094537386,False
2025-01-26,Udinese vs Roma,D,A,0.387,3.3,27.70999999999999,0.387,15.4537225684582,-15.4537225684582,-100.0,1010.7046868852805,False
2025-01-27,Venezia vs Verona,D,D,0.387,3.5,35.45,0.387,17.9147405750416,44.786851437604,250.0,1055.4915383228845,True
2025-01-27,Genoa vs Monza,D,H,0.387,3.0,16.1,0.387,10.620883604374027,-10.620883604374027,-100.0,1044.8706547185104,False
2025-01-31,Parma vs Lecce,D,A,0.387,3.4,31.58000000000001,0.387,17.185945456255507,-17.185945456255507,-100.0,1027.684709262255,False
2025-02-01,Monza vs Verona,D,A,0.387,3.0,16.1,0.387,10.341077386951442,-10.341077386951442,-100.0,1017.3436318753035,False
2025-02-01,Udinese vs Venezia,D,H,0.387,3.4,31.58000000000001,0.387,16.733183278449008,-16.733183278449008,-100.0,1000.6104485968544,False
2025-02-01,Atalanta vs Torino,D,D,0.387,4.5,74.15,0.387,20.01220897193709,70.0427314017798,349.99999999999994,1070.6531799986342,True
2025-02-01,Bologna vs Como,D,H,0.387,3.5,35.45,0.387,18.977327615475794,-18.977327615475794,-100.0,1051.6758523831584,False
2025-02-02,Roma vs Napoli,D,D,0.387,3.2,23.840000000000018,0.387,14.245427455008244,31.33994040101814,220.00000000000003,1083.0157927841765,True
2025-02-02,Milan vs Inter,D,D,0.387,3.5,35.45,0.387,19.19645492709953,47.99113731774882,250.0,1131.0069301019253,True
2025-02-02,Juventus vs Empoli,D,H,0.387,4.75,83.82499999999999,0.387,22.620138602038505,-22.620138602038505,-100.0,1108.3867914998868,False
2025-02-02,Fiorentina vs Genoa,D,H,0.387,3.9,50.93000000000001,0.387,22.16773582999774,-22.16773582999774,-100.0,1086.219055669889,False
2025-02-03,Cagliari vs Lazio,D,A,0.387,3.4,31.58000000000001,0.387,17.866040509403703,-17.866040509403703,-100.0,1068.3530151604853,False
2025-02-06,Fiorentina vs Inter,D,H,0.387,3.5,35.45,0.387,18.9365571937196,-18.9365571937196,-100.0,1049.4164579667656,False
2025-02-07,Como vs Juventus,D,A,0.387,3.4,31.58000000000001,0.387,17.26071444926587,-17.26071444926587,-100.0,1032.1557435174998,False
2025-02-08,Verona vs Atalanta,D,A,0.387,4.1,58.67,0.387,20.643114870349997,-20.643114870349997,-100.0,1011.5126286471498,False
2025-02-08,Empoli vs Milan,D,A,0.387,3.8,47.05999999999999,0.387,20.230252572942995,-20.230252572942995,-100.0,991.2823760742068,False
2025-02-08,Torino vs Genoa,D,D,0.387,3.1,19.97,0.387,11.783279196548754,24.744886312752385,210.0,1016.0272623869591,True
2025-02-09,Cagliari vs Parma,D,H,0.387,3.6,39.32,0.387,19.206823056276555,-19.206823056276555,-100.0,996.8204393306826,False
2025-02-09,Venezia vs Roma,D,A,0.387,3.7,43.19000000000002,0.387,19.931793877172314,-19.931793877172314,-100.0,976.8886454535102,False
2025-02-09,Lazio vs Monza,D,H,0.387,4.75,83.82499999999999,0.387,19.537772909070206,-19.537772909070206,-100.0,957.35087254444,False
2025-02-09,Lecce vs Bologna,D,D,0.387,3.5,35.45,0.387,16.9690442158502,42.4226105396255,250.0,999.7734830840654,True
2025-02-09,Napoli vs Udinese,D,D,0.387,4.5,74.15,0.387,19.99546966168131,69.98414381588458,350.0,1069.75762689995,True
2025-02-10,Inter vs Fiorentina,D,H,0.387,4.75,83.82499999999999,0.387,21.395152537999003,-21.395152537999003,-100.0,1048.3624743619512,False
2025-02-14,Bologna vs Torino,D,H,0.387,3.4,31.58000000000001,0.387,17.24337861476585,-17.24337861476585,-100.0,1031.1190957471854,False
2025-02-15,Lazio vs Napoli,D,D,0.387,3.2,23.840000000000018,0.387,13.9669768423937,30.727349053266142,220.00000000000003,1061.8464448004515,True
2025-02-15,Atalanta vs Cagliari,D,D,0.387,4.75,83.82499999999999,0.387,21.23692889600903,79.63848336003386,375.0,1141.4849281604854,True
2025-02-15,Milan vs Verona,D,H,0.387,4.75,83.82499999999999,0.387,22.82969856320971,-22.82969856320971,-100.0,1118.6552295972758,False
2025-02-16,Juventus vs Inter,D,H,0.387,3.2,23.840000000000018,0.387,15.152693564544927,-15.152693564544927,-100.0,1103.5025360327309,False
2025-02-16,Parma vs Roma,D,A,0.387,3.5,35.45,0.387,19.559582451180155,-19.559582451180155,-100.0,1083.9429535815507,False
2025-02-16,Udinese vs Empoli,D,H,0.387,3.5,35.45,0.387,19.212888852232986,-19.212888852232986,-100.0,1064.7300647293177,False
2025-02-16,Monza vs Lecce,D,D,0.387,3.2,23.840000000000018,0.387,14.422252694969858,31.72895592893369,220.00000000000003,1096.4590206582513,True
2025-02-16,Fiorentina vs Como,D,A,0.387,3.5,35.45,0.387,19.434736141167505,-19.434736141167505,-100.0,1077.0242845170837,False
2025-02-17,Genoa vs Venezia,D,H,0.387,3.4,31.58000000000001,0.387,17.71480567971329,-17.71480567971329,-100.0,1059.3094788373705,False
2025-02-21,Lecce vs Udinese,D,A,0.387,3.0,16.1,0.387,10.659301630801043,-10.659301630801043,-100.0,1048.6501772065694,False
2025-02-22,Parma vs Bologna,D,H,0.387,3.5,35.45,0.387,18.587324390986446,-18.587324390986446,-100.0,1030.062852815583,False
2025-02-22,Venezia vs Lazio,D,D,0.387,4.0,54.800000000000004,0.387,20.60125705631166,61.80377116893498,300.0,1091.866623984518,True
2025-02-22,Torino vs Milan,D,H,0.387,3.3,27.70999999999999,0.387,16.443273994897275,-16.443273994897275,-100.0,1075.4233499896206,False
2025-02-22,Inter vs Genoa,D,H,0.387,5.25,103.17500000000001,0.387,21.508466999792414,-21.508466999792414,-100.0,1053.9148829898281,False
2025-02-23,Cagliari vs Juventus,D,A,0.387,3.5,35.45,0.387,18.680641300994704,-18.680641300994704,-100.0,1035.2342416888334,False
2025-02-23,Empoli vs Atalanta,D,A,0.387,3.9,50.93000000000001,0.387,20.704684833776668,-20.704684833776668,-100.0,1014.5295568550567,False
2025-02-23,Verona vs Fiorentina,D,H,0.387,3.4,31.58000000000001,0.387,16.686897607022242,-16.686897607022242,-100.0,997.8426592480345,False
2025-02-23,Como vs Napoli,D,H,0.387,3.0,16.1,0.387,10.04079175868335,-10.04079175868335,-100.0,987.8018674893511,False
2025-02-24,Roma vs Monza,D,H,0.387,4.75,83.82499999999999,0.387,19.75603734978702,-19.75603734978702,-100.0,968.0458301395641,False
2025-02-27,Bologna vs Milan,D,H,0.387,3.3,27.70999999999999,0.387,14.57855975715615,-14.57855975715615,-100.0,953.467270382408,False
2025-02-28,Fiorentina vs Lecce,D,H,0.387,3.4,31.58000000000001,0.387,15.682550207643986,-15.682550207643986,-100.0,937.784720174764,False
2025-03-01,Atalanta vs Venezia,D,D,0.387,6.5,151.55000000000004,0.387,18.75569440349528,103.15631921922405,550.0,1040.941039393988,True
2025-03-01,Napoli vs Inter,D,D,0.387,3.2,23.840000000000018,0.387,14.100019533609482,31.02004297394086,220.00000000000003,1071.9610823679288,True
2025-03-01,Udinese vs Parma,D,H,0.387,3.6,39.32,0.387,20.264187383993733,-20.264187383993733,-100.0,1051.6968949839352,False
2025-03-02,Milan vs Lazio,D,A,0.387,3.6,39.32,0.387,19.881116303254004,-19.881116303254004,-100.0,1031.8157786806812,False
2025-03-02,Roma vs Como,D,H,0.387,3.6,39.32,0.387,19.505286739290568,-19.505286739290568,-100.0,1012.3104919413906,False
2025-03-02,Genoa vs Empoli,D,D,0.387,3.1,19.97,0.387,12.033238407184266,25.26980065508696,210.0,1037.5802925964776,True
2025-03-02,Bologna vs Cagliari,D,H,0.387,3.75,45.12499999999999,0.387,20.751605851929554,-20.751605851929554,-100.0,1016.8286867445481,False
2025-03-02,Monza vs Torino,D,A,0.387,3.3,27.70999999999999,0.387,15.313218972658381,-15.313218972658381,-100.0,1001.5154677718897,False
2025-03-03,Juventus vs Verona,D,H,0.387,5.0,93.5,0.387,20.030309355437794,-20.030309355437794,-100.0,981.4851584164519,False
2025-03-07,Cagliari vs Genoa,D,D,0.387,3.0,16.1,0.387,9.87619440656555,19.7523888131311,200.0,1001.237547229583,True
2025-03-08,Como vs Venezia,D,D,0.387,3.8,47.05999999999999,0.387,20.02475094459166,56.06930264485664,280.0,1057.3068498744396,True
2025-03-08,Parma vs Torino,D,D,0.387,3.25,25.775000000000013,0.387,15.140046697507609,34.06510506939212,225.0,1091.3719549438317,True
2025-03-08,Lecce vs Milan,D,A,0.387,3.6,39.32,0.387,20.63112753288051,-20.63112753288051,-100.0,1070.7408274109512,False
2025-03-08,Inter vs Monza,D,H,0.387,7.0,170.9,0.387,21.414816548219022,-21.414816548219022,-100.0,1049.3260108627321,False
2025-03-09,Juventus vs Atalanta,D,A,0.387,3.25,25.775000000000013,0.387,15.025765516659408,-15.025765516659408,-100.0,1034.3002453460726,False
2025-03-09,Empoli vs Roma,D,A,0.387,3.3,27.70999999999999,0.387,15.576336847032428,-15.576336847032428,-100.0,1018.7239084990402,False
2025-03-09,Napoli vs Fiorentina,D,H,0.387,4.0,54.800000000000004,0.387,20.374478169980804,-20.374478169980804,-100.0,998.3494303290595,False
2025-03-09,Verona vs Bologna,D,A,0.387,3.3,27.70999999999999,0.387,15.034925388270779,-15.034925388270779,-100.0,983.3145049407888,False
2025-03-10,Lazio vs Udinese,D,D,0.387,3.5,35.45,0.387,17.429249600075483,43.573124000188706,250.0,1026.8876289409775,True
2025-03-14,Genoa vs Lecce,D,H,0.387,2.9,12.230000000000008,0.387,8.262391909176422,-8.262391909176422,-100.0,1018.625237031801,False
2025-03-15,Monza vs Parma,D,D,0.387,3.0,16.1,0.387,10.2499164476325,20.499832895265,200.0,1039.125069927066,True
2025-03-15,Udinese vs Verona,D,A,0.387,3.5,35.45,0.387,18.41849186445725,-18.41849186445725,-100.0,1020.7065780626089,False
2025-03-15,Milan vs Como,D,H,0.387,3.6,39.32,0.387,19.295280119914317,-19.295280119914317,-100.0,1001.4112979426945,False
2025-03-15,Torino vs Empoli,D,H,0.387,3.3,27.70999999999999,0.387,15.081036448908728,-15.081036448908728,-100.0,986.3302614937858,False
2025-03-16,Atalanta vs Inter,D,A,0.387,3.3,27.70999999999999,0.387,14.853919318474347,-14.853919318474347,-100.0,971.4763421753114,False
2025-03-16,Fiorentina vs Juventus,D,H,0.387,3.2,23.840000000000018,0.387,13.159088634920135,-13.159088634920135,-100.0,958.3172535403912,False
2025-03-16,Roma vs Cagliari,D,H,0.387,4.2,62.54000000000002,0.387,19.166345070807825,-19.166345070807825,-100.0,939.1509084695834,False
2025-03-16,Bologna vs Lazio,D,H,0.387,3.1,19.97,0.387,11.163597406034272,-11.163597406034272,-100.0,927.9873110635492,False
2025-03-16,Venezia vs Napoli,D,D,0.387,4.33,67.571,0.387,18.559746221270984,61.80395491683238,333.0,989.7912659803816,True
2025-03-29,Como vs Empoli,D,D,0.387,3.3,27.70999999999999,0.387,14.9060412936502,34.283894975395455,229.99999999999997,1024.075160955777,True
2025-03-29,Venezia vs Bologna,D,A,0.387,3.5,35.45,0.387,18.151732227941146,-18.151732227941146,-100.0,1005.9234287278358,False
2025-03-29,Juventus vs Genoa,D,H,0.387,3.9,50.93000000000001,0.387,20.118468574556715,-20.118468574556715,-100.0,985.8049601532791,False
2025-03-29,Lecce vs Roma,D,A,0.387,3.5,35.45,0.387,17.473392918716872,-17.473392918716872,-100.0,968.3315672345623,False
2025-03-30,Napoli vs Milan,D,H,0.387,3.7,43.19000000000002,0.387,19.36214832817628,-19.36214832817628,-100.0,948.969418906386,False
2025-03-30,Inter vs Udinese,D,H,0.387,4.33,67.571,0.387,18.97938837812772,-18.97938837812772,-100.0,929.9900305282582,False
2025-03-30,Cagliari vs Monza,D,H,0.387,3.5,35.45,0.387,16.48407329111338,-16.48407329111338,-100.0,913.5059572371448,False
2025-03-30,Fiorentina vs Atalanta,D,H,0.387,3.3,27.70999999999999,0.387,13.757201127739824,-13.757201127739824,-100.0,899.748756109405,False
2025-03-31,Verona vs Parma,D,D,0.387,3.1,19.97,0.387,10.695227773514771,22.45997832438102,210.0,922.208734433786,True
2025-03-31,Lazio vs Torino,D,D,0.387,3.3,27.70999999999999,0.387,13.888263060413156,31.943005038950254,229.99999999999997,954.1517394727363,True
2025-04-04,Genoa vs Udinese,D,H,0.387,2.88,11.456,0.387,7.267794100664672,-7.267794100664672,-100.0,946.8839453720716,False
2025-04-05,Monza vs Como,D,A,0.387,3.8,47.05999999999999,0.387,18.937678907441434,-18.937678907441434,-100.0,927.9462664646302,False
2025-04-05,Parma vs Inter,D,D,0.387,4.5,74.15,0.387,18.558925329292602,64.9562386525241,350.0,992.9025051171543,True
2025-04-05,Milan vs Fiorentina,D,D,0.387,3.5,35.45,0.387,17.599196903201562,43.997992258003904,250.0,1036.9004973751582,True
2025-04-06,Atalanta vs Lazio,D,A,0.387,3.8,47.05999999999999,0.387,20.738009947503166,-20.738009947503166,-100.0,1016.162487427655,False
2025-04-06,Torino vs Verona,D,D,0.387,3.2,23.840000000000018,0.387,13.764382784247335,30.28164212534414,220.00000000000003,1046.4441295529991,True
2025-04-06,Roma vs Juventus,D,D,0.387,3.1,19.97,0.387,12.438981706650827,26.121861583966737,210.0,1072.565991136966,True
2025-04-06,Lecce vs Venezia,D,D,0.387,3.1,19.97,0.387,12.7494897875031,26.77392855375651,210.0,1099.3399196907226,True
2025-04-06,Empoli vs Cagliari,D,D,0.387,3.0,16.1,0.387,11.062107941887898,22.124215883775797,200.0,1121.4641355744984,True
2025-04-07,Bologna vs Napoli,D,D,0.387,3.0,16.1,0.387,11.284732864218393,22.569465728436786,200.0,1144.0336013029353,True
2025-04-11,Udinese vs Milan,D,A,0.387,3.6,39.32,0.387,21.626635193861254,-21.626635193861254,-100.0,1122.4069661090741,False
2025-04-12,Venezia vs Monza,D,H,0.387,3.6,39.32,0.387,21.21780860933115,-21.21780860933115,-100.0,1101.189157499743,False
2025-04-12,Inter vs Cagliari,D,H,0.387,5.25,103.17500000000001,0.387,22.023783149994863,-22.023783149994863,-100.0,1079.1653743497482,False
2025-04-12,Juventus vs Lecce,D,H,0.387,4.5,74.15,0.387,21.583307486994965,-21.583307486994965,-100.0,1057.5820668627532,False
2025-04-13,Como vs Torino,D,H,0.387,3.5,35.45,0.387,18.7456421351423,-18.7456421351423,-100.0,1038.8364247276108,False
2025-04-13,Verona vs Genoa,D,D,0.387,2.9,12.230000000000008,0.387,8.358532548959664,15.88121184302336,190.0,1054.717636570634,True
2025-04-13,Lazio vs Roma,D,D,0.387,3.2,23.840000000000018,0.387,14.28662980445678,31.43058556980492,220.00000000000003,1086.148222140439,True
2025-04-13,Atalanta vs Bologna,D,H,0.387,3.5,35.45,0.387,19.25197723743928,-19.25197723743928,-100.0,1066.8962449029998,False
2025-04-13,Fiorentina vs Parma,D,D,0.387,3.8,47.05999999999999,0.387,21.337924898059995,59.74618971456798,280.0,1126.6424346175677,True
2025-04-14,Napoli vs Empoli,D,H,0.387,5.0,93.5,0.387,22.532848692351354,-22.532848692351354,-100.0,1104.1095859252164,False
2025-04-19,Lecce vs Como,D,A,0.387,3.3,27.70999999999999,0.387,16.627650340210728,-16.627650340210728,-100.0,1087.4819355850057,False
2025-04-19,Monza vs Napoli,D,A,0.387,5.0,93.5,0.387,21.749638711700115,-21.749638711700115,-100.0,1065.7322968733056,False
2025-04-19,Roma vs Verona,D,H,0.387,4.5,74.15,0.387,21.31464593746611,-21.31464593746611,-100.0,1044.4176509358394,False
2025-04-20,Empoli vs Venezia,D,D,0.387,3.0,16.1,0.387,10.509452612541887,21.018905225083774,200.0,1065.4365561609231,True
2025-04-20,Bologna vs Inter,D,H,0.387,3.1,19.97,0.387,12.664742872936685,-12.664742872936685,-100.0,1052.7718132879866,False
2025-04-20,Milan vs Atalanta,D,A,0.387,3.4,31.58000000000001,0.387,17.31590305397637,-17.31590305397637,-100.0,1035.4559102340102,False
2025-04-23,Parma vs Juventus,D,H,0.387,3.6,39.32,0.387,19.57409922615446,-19.57409922615446,-100.0,1015.8818110078557,False
2025-04-23,Cagliari vs Fiorentina,D,A,0.387,3.1,19.97,0.387,12.075690336801712,-12.075690336801712,-100.0,1003.806120671054,False
2025-04-23,Genoa vs Lazio,D,A,0.387,3.2,23.840000000000018,0.387,13.597010179998831,-13.597010179998831,-100.0,990.2091104910552,False
2025-04-23,Torino vs Udinese,D,H,0.387,2.9,12.230000000000008,0.387,7.9672746192800075,-7.9672746192800075,-100.0,982.2418358717752,False
2025-04-27,Venezia vs Milan,D,A,0.387,4.0,54.800000000000004,0.387,19.644836717435503,-19.644836717435503,-100.0,962.5969991543396,False
2025-04-27,Atalanta vs Lecce,D,D,0.387,6.0,132.20000000000002,0.387,19.251939983086793,96.25969991543397,500.0,1058.8566990697736,True
2025-04-27,Napoli vs Torino,D,H,0.387,4.33,67.571,0.387,21.177133981395475,-21.177133981395475,-100.0,1037.6795650883782,False
2025-04-27,Juventus vs Monza,D,H,0.387,7.5,190.25,0.387,20.753591301767564,-20.753591301767564,-100.0,1016.9259737866107,False
2025-04-27,Como vs Genoa,D,H,0.387,3.4,31.58000000000001,0.387,16.72631367301103,-16.72631367301103,-100.0,1000.1996601135996,False
2025-04-27,Fiorentina vs Empoli,D,H,0.387,3.5,35.45,0.387,17.728538975513555,-17.728538975513555,-100.0,982.4711211380861,False
2025-04-27,Inter vs Roma,D,A,0.387,3.8,47.05999999999999,0.387,19.649422422761724,-19.649422422761724,-100.0,962.8216987153244,False
2025-04-28,Udinese vs Bologna,D,D,0.387,3.5,35.45,0.387,17.066014609729127,42.665036524322815,250.0,1005.4867352396471,True
2025-04-28,Lazio vs Parma,D,D,0.387,4.5,74.15,0.387,20.109734704792942,70.3840714667753,350.0,1075.8708067064224,True
2025-04-28,Verona vs Cagliari,D,A,0.387,2.75,6.424999999999992,0.387,4.937478523634825,-4.937478523634825,-100.0,1070.9333281827876,False
2025-05-02,Torino vs Venezia,D,D,0.387,2.88,11.456,0.387,8.157321946583785,15.335765259577515,188.0,1086.2690934423651,True
2025-05-03,Cagliari vs Udinese,D,A,0.387,3.2,23.840000000000018,0.387,14.714008629355682,-14.714008629355682,-100.0,1071.5550848130094,False
2025-05-03,Parma vs Como,D,A,0.387,3.3,27.70999999999999,0.387,16.13738663052635,-16.13738663052635,-100.0,1055.417698182483,False
2025-05-03,Lecce vs Napoli,D,A,0.387,3.8,47.05999999999999,0.387,21.108353963649662,-21.108353963649662,-100.0,1034.3093442188333,False
2025-05-03,Inter vs Verona,D,H,0.387,5.25,103.17500000000001,0.387,20.686186884376667,-20.686186884376667,-100.0,1013.6231573344567,False
2025-05-04,Bologna vs Juventus,D,D,0.387,3.1,19.97,0.387,12.04884193569589,25.30256806496137,210.0,1038.925725399418,True
2025-05-04,Roma vs Fiorentina,D,H,0.387,3.7,43.19000000000002,0.387,20.773704666667076,-20.773704666667076,-100.0,1018.152020732751,False
2025-05-04,Monza vs Atalanta,D,A,0.387,6.0,132.20000000000002,0.387,20.36304041465502,-20.36304041465502,-100.0,997.7889803180959,False
2025-05-04,Empoli vs Lazio,D,A,0.387,3.6,39.32,0.387,18.862049377936312,-18.862049377936312,-100.0,978.9269309401597,False
2025-05-05,Genoa vs Milan,D,A,0.387,3.7,43.19000000000002,0.387,19.57400654967848,-19.57400654967848,-100.0,959.3529243904811,False
2025-05-09,Milan vs Bologna,D,H,0.387,3.4,31.58000000000001,0.387,15.779356954297608,-15.779356954297608,-100.0,943.5735674361836,False
2025-05-10,Como vs Cagliari,D,H,0.387,3.8,47.05999999999999,0.387,18.87147134872367,-18.87147134872367,-100.0,924.70209608746,False
2025-05-10,Lazio vs Juventus,D,D,0.387,3.2,23.840000000000018,0.387,12.525510210639238,27.556122463406325,220.00000000000003,952.2582185508663,True
2025-05-10,Empoli vs Parma,D,H,0.387,3.3,27.70999999999999,0.387,14.340801758719836,-14.340801758719836,-100.0,937.9174167921465,False
2025-05-11,Torino vs Inter,D,A,0.387,4.0,54.800000000000004,0.387,18.75834833584293,-18.75834833584293,-100.0,919.1590684563035,False
2025-05-11,Napoli vs Genoa,D,D,0.387,5.25,103.17500000000001,0.387,18.38318136912607,78.1285208187858,425.0,997.2875892750893,True
2025-05-11,Verona vs Lecce,D,D,0.387,3.0,16.1,0.387,10.035206367080589,20.070412734161177,200.0,1017.3580020092505,True
2025-05-11,Udinese vs Monza,D,A,0.387,4.2,62.54000000000002,0.387,20.34716004018501,-20.34716004018501,-100.0,997.0108419690655,False
2025-05-12,Venezia vs Fiorentina,D,H,0.387,3.2,23.840000000000018,0.387,13.50496504121735,-13.50496504121735,-100.0,983.5058769278481,False
2025-05-12,Atalanta vs Roma,D,H,0.387,3.6,39.32,0.387,18.59204378884759,-18.59204378884759,-100.0,964.9138331390005,False
2025-05-17,Genoa vs Atalanta,D,A,0.387,3.9,50.93000000000001,0.387,19.29827666278001,-19.29827666278001,-100.0,945.6155564762205,False
2025-05-18,Monza vs Empoli,D,A,0.387,3.6,39.32,0.387,17.875771000310092,-17.875771000310092,-100.0,927.7397854759104,False
2025-05-18,Verona vs Como,D,D,0.387,3.3,27.70999999999999,0.387,13.971559486705146,32.134586819421834,229.99999999999997,959.8743722953323,True
2025-05-18,Roma vs Milan,D,H,0.387,3.6,39.32,0.387,18.145317460890606,-18.145317460890606,-100.0,941.7290548344416,False
2025-05-18,Parma vs Napoli,D,D,0.387,4.2,62.54000000000002,0.387,18.834581096688833,60.27065950940427,320.0,1001.9997143438459,True
2025-05-18,Lecce vs Torino,D,H,0.387,3.4,31.58000000000001,0.387,16.48080780155139,-16.48080780155139,-100.0,985.5189065422945,False
2025-05-18,Juventus vs Udinese,D,H,0.387,4.75,83.82499999999999,0.387,19.710378130845893,-19.710378130845893,-100.0,965.8085284114486,False
2025-05-18,Inter vs Lazio,D,D,0.387,4.2,62.54000000000002,0.387,19.316170568228973,61.81174581833272,320.0,1027.6202742297812,True
2025-05-18,Fiorentina vs Bologna,D,H,0.387,3.0,16.1,0.387,10.340429009437175,-10.340429009437175,-100.0,1017.279845220344,False
2025-05-18,Cagliari vs Venezia,D,H,0.387,3.0,16.1,0.387,10.236378442529713,-10.236378442529713,-100.0,1007.0434667778143,False
2025-05-23,Como vs Inter,D,A,0.387,4.2,62.54000000000002,0.387,20.140869335556285,-20.140869335556285,-100.0,986.902597442258,False
2025-05-23,Napoli vs Cagliari,D,H,0.387,7.0,170.9,0.387,19.73805194884516,-19.73805194884516,-100.0,967.1645454934128,False
2025-05-24,Bologna vs Genoa,D,A,0.387,4.5,74.15,0.387,19.343290909868255,-19.343290909868255,-100.0,947.8212545835445,False
2025-05-24,Milan vs Monza,D,H,0.387,7.0,170.9,0.387,18.95642509167089,-18.95642509167089,-100.0,928.8648294918736,False
2025-05-25,Venezia vs Juventus,D,A,0.387,4.33,67.571,0.387,18.577296589837474,-18.577296589837474,-100.0,910.2875329020361,False
2025-05-25,Udinese vs Fiorentina,D,A,0.387,3.6,39.32,0.387,17.207935477744257,-17.207935477744257,-100.0,893.0795974242918,False
2025-05-25,Torino vs Roma,D,A,0.387,4.2,62.54000000000002,0.387,17.861591948485838,-17.861591948485838,-100.0,875.218005475806,False
2025-05-25,Empoli vs Verona,D,A,0.387,3.2,23.840000000000018,0.387,11.855225710535924,-11.855225710535924,-100.0,863.36277976527,False
2025-05-25,Atalanta vs Parma,D,A,0.387,3.5,35.45,0.387,15.303105271339412,-15.303105271339412,-100.0,848.0596744939306,False
2025-05-25,Lazio vs Lecce,D,A,0.387,3.7,43.19000000000002,0.387,16.957267287681887,-16.957267287681887,-100.0,831.1024072062487,False
2025-08-23,Genoa vs Lecce,D,D,0.387,3.3,27.70999999999999,0.387,12.516221578089754,28.78730962960643,229.99999999999997,859.8897168358551,True
2025-08-23,Sassuolo vs Napoli,D,A,0.387,4.0,54.800000000000004,0.387,17.197794336717102,-17.197794336717102,-100.0,842.691922499138,False
2025-08-23,Milan vs Cremonese,D,A,0.387,5.25,103.17500000000001,0.387,16.85383844998276,-16.85383844998276,-100.0,825.8380840491552,False
2025-08-23,Roma vs Bologna,D,H,0.387,3.3,27.70999999999999,0.387,12.436942015762003,-12.436942015762003,-100.0,813.4011420333932,False
2025-08-24,Atalanta vs Pisa,D,D,0.387,5.0,93.5,0.387,16.268022840667864,65.07209136267146,400.0,878.4732333960646,True
2025-08-24,Juventus vs Parma,D,H,0.387,4.75,83.82499999999999,0.387,17.56946466792129,-17.56946466792129,-100.0,860.9037687281434,False
2025-08-24,Cagliari vs Fiorentina,D,D,0.387,3.3,27.70999999999999,0.387,12.965023604052634,29.819554289321058,229.99999999999997,890.7233230174645,True
2025-08-24,Como vs Lazio,D,H,0.387,3.25,25.775000000000013,0.387,12.754663139319533,-12.754663139319533,-100.0,877.968659878145,False
2025-08-25,Udinese vs Verona,D,D,0.387,3.3,27.70999999999999,0.387,13.222017155012713,30.41063945652924,229.99999999999997,908.3792993346742,True
2025-08-25,Inter vs Torino,D,H,0.387,4.75,83.82499999999999,0.387,18.167585986693485,-18.167585986693485,-100.0,890.2117133479808,False
2025-08-29,Cremonese vs Sassuolo,D,H,0.387,3.2,23.840000000000018,0.387,12.058322298986292,-12.058322298986292,-100.0,878.1533910489945,False
2025-08-29,Lecce vs Milan,D,A,0.387,3.9,50.93000000000001,0.387,17.563067820979892,-17.563067820979892,-100.0,860.5903232280147,False
2025-08-30,Bologna vs Como,D,H,0.387,3.1,19.97,0.387,10.229755211228245,-10.229755211228245,-100.0,850.3605680167864,False
2025-08-30,Parma vs Atalanta,D,D,0.387,3.5,35.45,0.387,15.07264106809754,37.68160267024385,250.0,888.0421706870302,True
2025-08-30,Napoli vs Cagliari,D,H,0.387,5.0,93.5,0.387,17.760843413740606,-17.760843413740606,-100.0,870.2813272732895,False
2025-08-30,Pisa vs Roma,D,A,0.387,3.6,39.32,0.387,16.4516643213393,-16.4516643213393,-100.0,853.8296629519502,False
2025-08-31,Lazio vs Verona,D,H,0.387,4.33,67.571,0.387,17.076593259039004,-17.076593259039004,-100.0,836.7530696929113,False
2025-08-31,Inter vs Udinese,D,A,0.387,5.25,103.17500000000001,0.387,16.735061393858224,-16.735061393858224,-100.0,820.018008299053,False
2025-08-31,Genoa vs Juventus,D,A,0.387,3.4,31.58000000000001,0.387,13.487587865668804,-13.487587865668804,-100.0,806.5304204333842,False
2025-08-31,Torino vs Fiorentina,D,D,0.387,3.1,19.97,0.387,9.587150295270643,20.133015620068353,210.0,826.6634360534525,True
2025-09-13,Cagliari vs Parma,D,H,0.387,3.2,23.840000000000018,0.387,11.197531997451318,-11.197531997451318,-100.0,815.4659040560012,False
2025-09-13,Juventus vs Inter,D,H,0.387,3.0,16.1,0.387,8.205625659563514,-8.205625659563514,-100.0,807.2602783964377,False
2025-09-13,Fiorentina vs Napoli,D,A,0.387,3.1,19.97,0.387,9.595826047367177,-9.595826047367177,-100.0,797.6644523490705,False
2025-09-14,Milan vs Bologna,D,H,0.387,3.4,31.58000000000001,0.387,13.119918440199822,-13.119918440199822,-100.0,784.5445339088707,False
2025-09-14,Roma vs Torino,D,A,0.387,4.1,58.67,0.387,15.690890678177414,-15.690890678177414,-100.0,768.8536432306933,False
2025-09-14,Atalanta vs Lecce,D,H,0.387,4.5,74.15,0.387,15.377072864613865,-15.377072864613865,-100.0,753.4765703660794,False
2025-09-14,Pisa vs Udinese,D,A,0.387,3.1,19.97,0.387,8.956504232268216,-8.956504232268216,-100.0,744.5200661338112,False
2025-09-14,Sassuolo vs Lazio,D,H,0.387,3.6,39.32,0.387,14.074292788644929,-14.074292788644929,-100.0,730.4457733451662,False
2025-09-15,Verona vs Cremonese,D,D,0.387,3.1,19.97,0.387,8.682739341489862,18.23375261712871,210.0,748.679525962295,True
2025-09-15,Como vs Genoa,D,D,0.387,3.75,45.12499999999999,0.387,14.9735905192459,41.177373927926226,275.0,789.8568998902213,True
2025-09-19,Lecce vs Cagliari,D,A,0.387,2.9,12.230000000000008,0.387,6.3552301879325075,-6.3552301879325075,-100.0,783.5016697022887,False
2025-09-20,Bologna vs Genoa,D,H,0.387,3.2,23.840000000000018,0.387,10.612886253240099,-10.612886253240099,-100.0,772.8887834490487,False
2025-09-20,Verona vs Juventus,D,D,0.387,3.9,50.93000000000001,0.387,15.457775668980974,44.82754944004482,290.0,817.7163328890935,True
2025-09-20,Udinese vs Milan,D,A,0.387,3.6,39.32,0.387,15.45798375442267,-15.45798375442267,-100.0,802.2583491346708,False
2025-09-21,Inter vs Sassuolo,D,H,0.387,5.5,112.84999999999998,0.387,16.045166982693416,-16.045166982693416,-100.0,786.2131821519773,False
2025-09-21,Torino vs Atalanta,D,A,0.387,3.4,31.58000000000001,0.387,12.931568902270548,-12.931568902270548,-100.0,773.2816132497068,False
2025-09-21,Fiorentina vs Como,D,A,0.387,3.2,23.840000000000018,0.387,10.47445094310967,-10.47445094310967,-100.0,762.8071623065971,False
2025-09-21,Lazio vs Roma,D,A,0.387,3.1,19.97,0.387,9.067416090037346,-9.067416090037346,-100.0,753.7397462165598,False
2025-09-21,Cremonese vs Parma,D,D,0.387,3.2,23.840000000000018,0.387,10.209747471478861,22.461444437253498,220.00000000000003,776.2011906538132,True
2025-09-22,Napoli vs Pisa,D,H,0.387,5.75,122.52499999999999,0.387,15.524023813076266,-15.524023813076266,-100.0,760.677166840737,False
2025-09-27,Como vs Cremonese,D,D,0.387,4.33,67.571,0.387,15.21354333681474,50.661099311593084,333.0,811.33826615233,True
2025-09-27,Juventus vs Atalanta,D,D,0.387,3.6,39.32,0.387,15.33741376207193,39.87727578138702,260.0,851.215541933717,True
2025-09-27,Cagliari vs Inter,D,A,0.387,4.2,62.54000000000002,0.387,17.02431083867434,-17.02431083867434,-100.0,834.1912310950427,False
2025-09-28,Roma vs Verona,D,H,0.387,4.2,62.54000000000002,0.387,16.683824621900854,-16.683824621900854,-100.0,817.5074064731418,False
2025-09-28,Milan vs Napoli,D,H,0.387,3.1,19.97,0.387,9.717632682898,-9.717632682898,-100.0,807.7897737902438,False
2025-09-28,Sassuolo vs Udinese,D,H,0.387,3.2,23.840000000000018,0.387,10.941879663158764,-10.941879663158764,-100.0,796.847894127085,False
2025-09-28,Pisa vs Fiorentina,D,D,0.387,3.25,25.775000000000013,0.387,11.41041915062535,25.673443088907035,225.0,822.521337215992,True
2025-09-28,Lecce vs Bologna,D,D,0.387,3.0,16.1,0.387,8.276620955735922,16.553241911471844,200.0,839.074579127464,True
2025-09-29,Parma vs Torino,D,H,0.387,3.1,19.97,0.387,9.973999610223483,-9.973999610223483,-100.0,829.1005795172405,False
2025-09-29,Genoa vs Lazio,D,A,0.387,3.0,16.1,0.387,8.342824581392234,-8.342824581392234,-100.0,820.7577549358482,False
2025-10-03,Verona vs Sassuolo,D,A,0.387,3.1,19.97,0.387,9.756269265517194,-9.756269265517194,-100.0,811.001485670331,False
2025-10-04,Lazio vs Torino,D,D,0.387,3.6,39.32,0.387,15.331047315652603,39.86072302069677,260.0,850.8622086910278,True
2025-10-04,Parma vs Lecce,D,A,0.387,3.7,43.19000000000002,0.387,17.013304996928476,-17.013304996928476,-100.0,833.8489036940994,False
2025-10-04,Inter vs Cremonese,D,H,0.387,6.5,151.55000000000004,0.387,16.676978073881987,-16.676978073881987,-100.0,817.1719256202174,False
2025-10-04,Atalanta vs Como,D,D,0.387,3.4,31.58000000000001,0.387,13.440775734940873,32.257861763858095,240.0,849.4297873840754,True
2025-10-05,Napoli vs Genoa,D,H,0.387,4.0,54.800000000000004,0.387,16.988595747681508,-16.988595747681508,-100.0,832.4411916363939,False
2025-10-05,Juventus vs Milan,D,D,0.387,3.2,23.840000000000018,0.387,11.275794323074797,24.806747510764556,220.00000000000003,857.2479391471585,True
2025-10-05,Bologna vs Pisa,D,H,0.387,3.9,50.93000000000001,0.387,17.14495878294317,-17.14495878294317,-100.0,840.1029803642153,False
2025-10-05,Udinese vs Cagliari,D,D,0.387,3.2,23.840000000000018,0.387,11.379576734024377,25.03506881485363,220.00000000000003,865.138049179069,True
2025-10-05,Fiorentina vs Roma,D,A,0.387,3.3,27.70999999999999,0.387,13.028790947147824,-13.028790947147824,-100.0,852.1092582319211,False
2025-10-18,Lecce vs Sassuolo,D,D,0.387,3.2,23.840000000000018,0.387,11.542207225141484,25.392855895311264,220.00000000000003,877.5021141272324,True
2025-10-18,Pisa vs Verona,D,D,0.387,3.1,19.97,0.387,10.430784059000493,21.904646523901036,210.0,899.4067606511335,True
2025-10-18,Torino vs Napoli,D,H,0.387,3.3,27.70999999999999,0.387,13.54487029219723,-13.54487029219723,-100.0,885.8618903589363,False
2025-10-18,Roma vs Inter,D,A,0.387,3.25,25.775000000000013,0.387,12.68505012444533,-12.68505012444533,-100.0,873.176840234491,False
2025-10-19,Milan vs Fiorentina,D,H,0.387,4.33,67.571,0.387,17.46353680468982,-17.46353680468982,-100.0,855.7133034298012,False
2025-10-19,Genoa vs Parma,D,D,0.387,3.0,16.1,0.387,8.610615115762377,17.221230231524753,200.0,872.9345336613259,True
2025-10-19,Atalanta vs Lazio,D,D,0.387,4.0,54.800000000000004,0.387,17.458690673226517,52.376072019679555,300.0,925.3106056810054,True
2025-10-19,Como vs Juventus,D,H,0.387,3.25,25.775000000000013,0.387,13.249933811904404,-13.249933811904404,-100.0,912.060671869101,False
2025-10-19,Cagliari vs Bologna,D,A,0.387,3.3,27.70999999999999,0.387,13.735435444289557,-13.735435444289557,-100.0,898.3252364248115,False
2025-10-20,Cremonese vs Udinese,D,D,0.387,3.25,25.775000000000013,0.387,12.863518316027516,28.942916211061913,225.0,927.2681526358733,True
2025-10-24,Milan vs Pisa,D,D,0.387,5.5,112.84999999999998,0.387,18.545363052717466,83.4541337372286,450.0,1010.722286373102,True
2025-10-25,Parma vs Como,D,D,0.387,3.5,35.45,0.387,17.915052525963233,44.78763131490808,250.0,1055.50991768801,True
2025-10-25,Udinese vs Lecce,D,H,0.387,3.4,31.58000000000001,0.387,17.36093916697259,-17.36093916697259,-100.0,1038.1489785210374,False
2025-10-25,Napoli vs Inter,D,H,0.387,3.1,19.97,0.387,12.340378036348282,-12.340378036348282,-100.0,1025.8086004846891,False
2025-10-25,Cremonese vs Atalanta,D,D,0.387,4.2,62.54000000000002,0.387,20.516172009693783,65.6517504310201,320.0,1091.4603509157091,True
2025-10-26,Lazio vs Juventus,D,H,0.387,3.25,25.775000000000013,0.387,15.629105858251343,-15.629105858251343,-100.0,1075.8312450574579,False
2025-10-26,Verona vs Cagliari,D,D,0.387,3.0,16.1,0.387,10.825551903390672,21.651103806781343,200.0,1097.4823488642392,True
2025-10-26,Fiorentina vs Bologna,D,D,0.387,3.1,19.97,0.387,13.045668158820746,27.395903133523568,210.0,1124.8782519977626,True
2025-10-26,Torino vs Genoa,D,H,0.387,2.9,12.230000000000008,0.387,9.050829619692529,-9.050829619692529,-100.0,1115.8274223780702,False
2025-10-26,Sassuolo vs Roma,D,A,0.387,3.5,35.45,0.387,19.778041061651294,-19.778041061651294,-100.0,1096.049381316419,False
2025-10-28,Lecce vs Napoli,D,A,0.387,3.75,45.12499999999999,0.387,21.92098762632838,-21.92098762632838,-100.0,1074.1283936900907,False
2025-10-28,Atalanta vs Milan,D,D,0.387,3.2,23.840000000000018,0.387,14.549557332711236,32.009026131964724,220.00000000000003,1106.1374198220553,True
2025-10-29,Como vs Verona,D,H,0.387,3.6,39.32,0.387,20.91025160932847,-20.91025160932847,-100.0,1085.2271682127268,False
2025-10-29,Juventus vs Udinese,D,H,0.387,4.1,58.67,0.387,21.704543364254537,-21.704543364254537,-100.0,1063.5226248484723,False
2025-10-29,Roma vs Parma,D,H,0.387,3.75,45.12499999999999,0.387,21.270452496969448,-21.270452496969448,-100.0,1042.2521723515028,False
2025-10-29,Bologna vs Torino,D,D,0.387,3.5,35.45,0.387,18.47391975493039,46.184799387325974,250.0,1088.4369717388288,True
2025-10-29,Genoa vs Cremonese,D,A,0.387,3.25,25.775000000000013,0.387,15.585812748093515,-15.585812748093515,-100.0,1072.8511589907353,False
2025-10-29,Inter vs Fiorentina,D,H,0.387,4.5,74.15,0.387,21.457023179814705,-21.457023179814705,-100.0,1051.3941358109205,False
2025-10-30,Pisa vs Lazio,D,D,0.387,3.25,25.775000000000013,0.387,15.055379916959161,33.874604813158115,225.0,1085.2687406240786,True
2025-10-30,Cagliari vs Sassuolo,D,A,0.387,3.1,19.97,0.387,12.900486160870742,-12.900486160870742,-100.0,1072.368254463208,False
2025-11-01,Udinese vs Atalanta,D,H,0.387,3.6,39.32,0.387,20.271884502641026,-20.271884502641026,-100.0,1052.0963699605668,False
2025-11-01,Napoli vs Como,D,D,0.387,3.1,19.97,0.387,12.506169350066973,26.262955635140642,210.0,1078.3593255957073,True
2025-11-01,Cremonese vs Juventus,D,A,0.387,4.33,67.571,0.387,21.567186511914148,-21.567186511914148,-100.0,1056.7921390837932,False
2025-11-02,Verona vs Inter,D,A,0.387,4.5,74.15,0.387,21.135842781675866,-21.135842781675866,-100.0,1035.6562963021174,False
2025-11-02,Fiorentina vs Lecce,D,A,0.387,3.8,47.05999999999999,0.387,20.71312592604235,-20.71312592604235,-100.0,1014.943170376075,False
2025-11-02,Torino vs Pisa,D,D,0.387,3.25,25.775000000000013,0.387,14.533422342468526,32.700200270554184,225.0,1047.6433706466291,True
2025-11-02,Parma vs Bologna,D,A,0.387,3.0,16.1,0.387,10.541911417131708,-10.541911417131708,-100.0,1037.1014592294973,False
2025-11-02,Milan vs Roma,D,H,0.387,3.0,16.1,0.387,10.43583343349682,-10.43583343349682,-100.0,1026.6656257960005,False
2025-11-03,Lazio vs Cagliari,D,H,0.387,3.8,47.05999999999999,0.387,20.533312515920013,-20.533312515920013,-100.0,1006.1323132800806,False
2025-11-03,Sassuolo vs Genoa,D,A,0.387,3.0,16.1,0.387,10.124206402380812,-10.124206402380812,-100.0,996.0081068776998,False
2025-11-07,Pisa vs Cremonese,D,H,0.387,3.1,19.97,0.387,11.839453508540275,-11.839453508540275,-100.0,984.1686533691595,False
2025-11-08,Como vs Cagliari,D,D,0.387,4.5,74.15,0.387,19.68337306738319,68.89180573584116,349.99999999999994,1053.0604591050007,True
2025-11-08,Lecce vs Verona,D,D,0.387,2.9,12.230000000000008,0.387,8.47297987819353,16.09866176856771,190.0,1069.1591208735686,True
2025-11-08,Juventus vs Torino,D,D,0.387,4.1,58.67,0.387,21.38318241747137,66.28786549416124,309.99999999999994,1135.4469863677298,True
2025-11-08,Parma vs Milan,D,D,0.387,4.0,54.800000000000004,0.387,22.708939727354597,68.1268191820638,300.00000000000006,1203.5738055497936,True
2025-11-09,Roma vs Udinese,D,H,0.387,4.0,54.800000000000004,0.387,24.071476110995874,-24.071476110995874,-100.0,1179.5023294387977,False
2025-11-09,Genoa vs Fiorentina,D,D,0.387,3.0,16.1,0.387,11.868742189977905,23.73748437995581,200.0,1203.2398138187534,True
2025-11-09,Inter vs Lazio,D,H,0.387,5.0,93.5,0.387,24.06479627637507,-24.06479627637507,-100.0,1179.1750175423783,False
2025-11-09,Atalanta vs Sassuolo,D,A,0.387,4.5,74.15,0.387,23.58350035084757,-23.58350035084757,-100.0,1155.5915171915308,False
2025-11-09,Bologna vs Napoli,D,H,0.387,3.1,19.97,0.387,13.736406308520754,-13.736406308520754,-100.0,1141.85511088301,False
2025-11-22,Cagliari vs Genoa,D,D,0.387,3.0,16.1,0.387,11.48991705326029,22.97983410652058,200.0,1164.8349449895306,True
2025-11-22,Udinese vs Bologna,D,A,0.387,3.2,23.840000000000018,0.387,15.778218800312743,-15.778218800312743,-100.0,1149.056726189218,False
2025-11-22,Fiorentina vs Juventus,D,D,0.387,3.4,31.58000000000001,0.387,18.89958927763308,45.35901426631939,240.0,1194.4157404555374,True
2025-11-22,Napoli vs Atalanta,D,H,0.387,3.25,25.775000000000013,0.387,17.103369839023053,-17.103369839023053,-100.0,1177.3123706165143,False
2025-11-23,Verona vs Parma,D,A,0.387,3.0,16.1,0.387,11.846705729328677,-11.846705729328677,-100.0,1165.4656648871855,False
2025-11-23,Cremonese vs Roma,D,A,0.387,3.75,45.12499999999999,0.387,23.30931329774371,-23.30931329774371,-100.0,1142.1563515894418,False
2025-11-23,Lazio vs Lecce,D,H,0.387,3.7,43.19000000000002,0.387,22.837839270901856,-22.837839270901856,-100.0,1119.31851231854,False
2025-11-23,Inter vs Milan,D,A,0.387,3.5,35.45,0.387,19.83992063084612,-19.83992063084612,-100.0,1099.4785916876938,False
2025-11-24,Torino vs Como,D,A,0.387,3.25,25.775000000000013,0.387,15.743922611527957,-15.743922611527957,-100.0,1083.7346690761658,False
2025-11-24,Sassuolo vs Pisa,D,D,0.387,3.2,23.840000000000018,0.387,14.679678699304436,32.29529313846976,220.00000000000003,1116.0299622146356,True
2025-11-28,Como vs Sassuolo,D,H,0.387,3.6,39.32,0.387,21.097258708788207,-21.097258708788207,-100.0,1094.9327035058475,False
2025-11-29,Juventus vs Cagliari,D,H,0.387,5.5,112.84999999999998,0.387,21.89865407011695,-21.89865407011695,-100.0,1073.0340494357306,False
2025-11-29,Milan vs Lazio,D,H,0.387,3.8,47.05999999999999,0.387,21.46068098871461,-21.46068098871461,-100.0,1051.573368447016,False
2025-11-29,Genoa vs Verona,D,H,0.387,3.0,16.1,0.387,10.581457019998101,-10.581457019998101,-100.0,1040.9919114270178,False
2025-11-29,Parma vs Udinese,D,A,0.387,3.0,16.1,0.387,10.474981108734369,-10.474981108734369,-100.0,1030.5169303182834,False
2025-11-30,Atalanta vs Fiorentina,D,H,0.387,3.75,45.12499999999999,0.387,20.61033860636567,-20.61033860636567,-100.0,1009.9065917119177,False
2025-11-30,Roma vs Napoli,D,A,0.387,2.88,11.456,0.387,7.692479996443969,-7.692479996443969,-100.0,1002.2141117154738,False
2025-11-30,Lecce vs Torino,D,H,0.387,2.88,11.456,0.387,7.6338862126412685,-7.6338862126412685,-100.0,994.5802255028325,False
2025-11-30,Pisa vs Inter,D,A,0.387,5.75,122.52499999999999,0.387,19.89160451005665,-19.89160451005665,-100.0,974.6886209927759,False
2025-12-01,Bologna vs Cremonese,D,A,0.387,4.0,54.800000000000004,0.387,19.493772419855517,-19.493772419855517,-100.0,955.1948485729204,False
